,timepoint,cloudcover,highcloud,midcloud,lowcloud,rh_profile,wind_profile,temp2m,lifted_index,rh2m,msl_pressure,prec_type,prec_amount,snow_depth,wind10m.direction,wind10m.speed,country
0,3,8,-9999,-9999,-9999,"[{'layer': '950mb', 'rh': -9999}, {'layer': '900mb', 'rh': -9999}, {'layer': '850mb', 'rh': -9999}, {'layer': '800mb', 'rh': 11}, {'layer': '750mb', 'rh': 14}, {'layer': '700mb', 'rh': 12}, {'layer': '650mb', 'rh': 12}, {'layer': '600mb', 'rh': 14}, {'layer': '550mb', 'rh': 14}, {'layer': '500mb', 'rh': 14}, {'layer': '450mb', 'rh': 13}, {'layer': '400mb', 'rh': 14}, {'layer': '350mb', 'rh': 14}, {'layer': '300mb', 'rh': 12}, {'layer': '250mb', 'rh': 9}, {'layer': '200mb', 'rh': 16}]","[{'layer': '950mb', 'direction': -9999, 'speed': -9999}, {'layer': '900mb', 'direction': -9999, 'speed': -9999}, {'layer': '850mb', 'direction': -9999, 'speed': -9999}, {'layer': '800mb', 'direction': 30, 'speed': 2}, {'layer': '750mb', 'direction': 30, 'speed': 2}, {'layer': '700mb', 'direction': 30, 'speed': 2}, {'layer': '650mb', 'direction': 35, 'speed': 2}, {'layer': '600mb', 'direction': 50, 'speed': 3}, {'layer': '550mb', 'direction': 80, 'speed': 3}, {'layer': '500mb', 'direction': 105, 'speed': 3}, {'layer': '450mb', 'direction': 135, 'speed': 3}, {'layer': '400mb', 'direction': 130, 'speed': 4}, {'layer': '350mb', 'direction': 120, 'speed': 4}, {'layer': '300mb', 'direction': 120, 'speed': 5}, {'layer': '250mb', 'direction': 115, 'speed': 5}, {'layer': '200mb', 'direction': 105, 'speed': 6}]",21,-4,11,-9999,rain,2,0,45,2,Papua New Guinea
1,6,9,-9999,-9999,-9999,"[{'layer': '950mb', 'rh': -9999}, {'layer': '900mb', 'rh': -9999}, {'layer': '850mb', 'rh': -9999}, {'layer': '800mb', 'rh': 13}, {'layer': '750mb', 'rh': 13}, {'layer': '700mb', 'rh': 12}, {'layer': '650mb', 'rh': 12}, {'layer': '600mb', 'rh': 14}, {'layer': '550mb', 'rh': 15}, {'layer': '500mb', 'rh': 15}, {'layer': '450mb', 'rh': 15}, {'layer': '400mb', 'rh': 15}, {'layer': '350mb', 'rh': 16}, {'layer': '300mb', 'rh': 14}, {'layer': '250mb', 'rh': 16}, {'layer': '200mb', 'rh': 14}]","[{'layer': '950mb', 'direction': -9999, 'speed': -9999}, {'layer': '900mb', 'direction': -9999, 'speed': -9999}, {'layer': '850mb', 'direction': -9999, 'speed': -9999}, {'layer': '800mb', 'direction': 40, 'speed': 2}, {'layer': '750mb', 'direction': 55, 'speed': 2}, {'layer': '700mb', 'direction': 55, 'speed': 2}, {'layer': '650mb', 'direction': 60, 'speed': 2}, {'layer': '600mb', 'direction': 90, 'speed': 2}, {'layer': '550mb', 'direction': 105, 'speed': 2}, {'layer': '500mb', 'direction': 135, 'speed': 3}, {'layer': '450mb', 'direction': 145, 'speed': 3}, {'layer': '400mb', 'direction': 135, 'speed': 3}, {'layer': '350mb', 'direction': 100, 'speed': 3}, {'layer': '300mb', 'direction': 115, 'speed': 4}, {'layer': '250mb', 'direction': 130, 'speed': 5}, {'layer': '200mb', 'direction': 100, 'speed': 6}]",17,-4,14,-9999,rain,3,0,55,2,Papua New Guinea
2,9,9,-9999,-9999,-9999,"[{'layer': '950mb', 'rh': -9999}, {'layer': '900mb', 'rh': -9999}, {'layer': '850mb', 'rh': -9999}, {'layer': '800mb', 'rh': 13}, {'layer': '750mb', 'rh': 12}, {'layer': '700mb', 'rh': 12}, {'layer': '650mb', 'rh': 13}, {'layer': '600mb', 'rh': 14}, {'layer': '550mb', 'rh': 15}, {'layer': '500mb', 'rh': 15}, {'layer': '450mb', 'rh': 15}, {'layer': '400mb', 'rh': 15}, {'layer': '350mb', 'rh': 16}, {'layer': '300mb', 'rh': 16}, {'layer': '250mb', 'rh': 16}, {'layer': '200mb', 'rh': 16}]","[{'layer': '950mb', 'direction': -9999, 'speed': -9999}, {'layer': '900mb', 'direction': -9999, 'speed': -9999}, {'layer': '850mb', 'direction': -9999, 'speed': -9999}, {'layer': '800mb', 'direction': 10, 'speed': 2}, {'layer': '750mb', 'direction': 340, 'speed': 2}, {'layer': '700mb', 'direction': 330, 'speed': 2}, {'layer': '650mb', 'direction': 95, 'speed': 2}, {'layer': '600mb', 'direction': 105, 'speed': 3}, {'layer': '550mb', 'direction': 95, 'speed': 3}, {'layer': '500mb', 'direction': 75, 'speed': 3}, {'layer': '450mb', 'direction': 75, 'speed': 3}, {'layer': '400mb', 'direction': 105, 'speed': 3}, {'layer': '350mb', 'direction': 105, 'speed': 3}, {'layer': '300mb', 'direction': 110, 'speed': 3}, {'layer': '250mb', 'direction': 120, 'speed': 4}, {'layer': '200mb', 'direction': 100, 'speed': 6}]",14,-1,15,-9999,rain,3,0,105,1,Papua New Guinea
3,12,9,-9999,-9999,-9999,"[{'layer': '950mb', 'rh': -9999}, {'layer': '900mb', 'rh': -9999}, {'layer': '850mb', 'rh': -9999}, {'layer': '800mb', 'rh': 11}, {'layer': '750mb', 'rh': 12}, {'layer': '700mb', 'rh': 14}, {'layer': '650mb', 'rh': 15}, {'layer': '600mb', 'rh': 15}, {'layer': '550mb', 'rh': 15}, {'layer': '500mb', 'rh': 15}, {'layer': '450mb', 'rh': 14}, {'layer': '400mb', 'rh': 14}, {'layer': '350mb', 'rh': 16}, {'layer': '300mb', 'rh': 16}, {'layer': '250mb', 'rh': 16}, {'layer': '200mb', 'rh': 16}]","[{'layer': '950mb', 'direction': -9999, 'speed': -9999}, {'layer': '900mb', 'direction': -9999, 'speed': -9999}, {'layer': '850mb', 'direction': -9999, 'speed': -9999}, {'layer': '800mb', 'direction': 285, 'speed': 2}, {'layer': '750mb', 'direction': 20, 'speed': 2}, {'layer': '700mb', 'direction': 50, 'speed': 2}, {'layer': '650mb', 'direction': 60, 'speed': 2}, {'layer': '600mb', 'direction': 95, 'speed': 3}, {'layer': '550mb', 'direction': 115, 'speed': 3}, {'layer': '500mb', 'direction': 105, 'speed': 3}, {'layer': '450mb', 'direction': 100, 'speed': 3}, {'layer': '400mb', 'direction': 105, 'speed': 3}, {'layer': '350mb', 'direction': 100, 'speed': 3}, {'layer': '300mb', 'direction': 105, 'speed': 4}, {'layer': '250mb', 'direction': 105, 'speed': 4}, {'layer': '200mb', 'direction': 105, 'speed': 6}]",14,-1,15,-9999,rain,3,0,215,2,Papua New Guinea
4,15,9,-9999,-9999,-9999,"[{'layer': '950mb', 'rh': -9999}, {'layer': '900mb', 'rh': -9999}, {'layer': '850mb', 'rh': -9999}, {'layer': '800mb', 'rh': 12}, {'layer': '750mb', 'rh': 13}, {'layer': '700mb', 'rh': 14}, {'layer': '650mb', 'rh': 15}, {'layer': '600mb', 'rh': 15}, {'layer': '550mb', 'rh': 16}, {'layer': '500mb', 'rh': 15}, {'layer': '450mb', 'rh': 13}, {'layer': '400mb', 'rh': 13}, {'layer': '350mb', 'rh': 14}, {'layer': '300mb', 'rh': 15}, {'layer': '250mb', 'rh': 16}, {'layer': '200mb', 'rh': 16}]","[{'layer': '950mb', 'direction': -9999, 'speed': -9999}, {'layer': '900mb', 'direction': -9999, 'speed': -9999}, {'layer': '850mb', 'direction': -9999, 'speed': -9999}, {'layer': '800mb', 'direction': 225, 'speed': 2}, {'layer': '750mb', 'direction': 345, 'speed': 2}, {'layer': '700mb', 'direction': 355, 'speed': 2}, {'layer': '650mb', 'direction': 5, 'speed': 2}, {'layer': '600mb', 'direction': 40, 'speed': 2}, {'layer': '550mb', 'direction': 105, 'speed': 3}, {'layer': '500mb', 'direction': 105, 'speed': 3}, {'layer': '450mb', 'direction': 90, 'speed': 3}, {'layer': '400mb', 'direction': 85, 'speed': 4}, {'layer': '350mb', 'direction': 75, 'speed': 4}, {'layer': '300mb', 'direction': 100, 'speed': 3}, {'layer': '250mb', 'direction': 120, 'speed': 5}, {'layer': '200mb', 'direction': 110, 'speed': 6}]",14,-1,15,-9999,rain,3,0,260,2,Papua New Guinea
5,18,9,-9999,-9999,-9999,"[{'layer': '950mb', 'rh': -9999}, {'layer': '900mb', 'rh': -9999}, {'layer': '850mb', 'rh': -9999}, {'layer': '800mb', 'rh': 12}, {'layer': '750mb', 'rh': 13}, {'layer': '700mb', 'rh': 13}, {'layer': '650mb', 'rh': 15}, {'layer': '600mb', 'rh': 16}, {'layer': '550mb', 'rh': 15}, {'layer': '500mb', 'rh': 15}, {'layer': '450mb', 'rh': 10}, {'layer': '400mb', 'rh': 10}, {'layer': '350mb', 'rh': 12}, {'layer': '300mb', 'rh': 16}, {'layer': '250mb', 'rh': 16}, {'layer': '200mb', 'rh': 16}]","[{'layer': '950mb', 'direction': -9999, 'speed': -9999}, {'layer': '900mb', 'direction': -9999, 'speed': -9999}, {'layer': '850mb', 'direction': -9999, 'speed': -9999}, {'layer': '800mb', 'direction': 260, 'speed': 2}, {'layer': '750mb', 'direction': 350, 'speed': 2}, {'layer': '700mb', 'direction': 350, 'speed': 2}, {'layer': '650mb', 'direction': 355, 'speed': 3}, {'layer': '600mb', 'direction': 35, 'speed': 2}, {'layer': '550mb', 'direction': 100, 'speed': 3}, {'layer': '500mb', 'direction': 120, 'speed': 3}, {'layer': '450mb', 'direction': 90, 'speed': 3}, {'layer': '400mb', 'direction': 85, 'speed': 3}, {'layer': '350mb', 'direction': 100, 'speed': 4}, {'layer': '300mb', 'direction': 105, 'speed': 4}, {'layer': '250mb', 'direction': 125, 'speed': 5}, {'layer': '200mb', 'direction': 125, 'speed': 6}]",13,-1,15,-9999,rain,4,0,335,2,Papua New Guinea
6,21,9,-9999,-9999,-9999,"[{'layer': '950mb', 'rh': -9999}, {'layer': '900mb', 'rh': -9999}, {'layer': '850mb', 'rh': -9999}, {'layer': '800mb', 'rh': 13}, {'layer': '750mb', 'rh': 13}, {'layer': '700mb', 'rh': 13}, {'layer': '650mb', 'rh': 15}, {'layer': '600mb', 'rh': 15}, {'layer': '550mb', 'rh': 15}, {'layer': '500mb', 'rh': 13}, {'layer': '450mb', 'rh': 11}, {'layer': '400mb', 'rh': 10}, {'layer': '350mb', 'rh': 8}, {'layer': '300mb', 'rh': 12}, {'layer': '250mb', 'rh': 16}, {'layer': '200mb', 'rh': 15}]","[{'layer': '950mb', 'direction': -9999, 'speed': -9999}, {'layer': '900mb', 'direction': -9999, 'speed': -9999}, {'layer': '850mb', 'direction': -9999, 'speed': -9999}, {'layer': '800mb', 'direction': 300, 'speed': 2}, {'layer': '750mb', 'direction': 0, 'speed': 2}, {'layer': '700mb', 'direction': 355, 'speed': 2}, {'layer': '650mb', 'direction': 0, 'speed': 3}, {'layer': '600mb', 'direction': 65, 'speed': 2}, {'layer': '550mb', 'direction': 90, 'speed': 3}, {'layer': '500mb', 'direction': 95, 'speed': 3}, {'layer': '450mb', 'direction': 85, 'speed': 3}, {'layer': '400mb', 'direction': 100, 'speed': 4}, {'layer': '350mb', 'direction': 95, 'speed': 3}, {'layer': '300mb', 'direction': 100, 'speed': 4}, {'layer': '250mb', 'direction': 105, 'speed': 5}, {'layer': '200mb', 'direction': 100, 'speed': 6}]",13,-1,15,-9999,rain,4,0,330,2,Papua New Guinea
7,24,9,-9999,-9999,-9999,"[{'layer': '950mb', 'rh': -9999}, {'layer': '900mb', 'rh': -9999}, {'layer': '850mb', 'rh': -9999}, {'layer': '800mb', 'rh': 12}, {'layer': '750mb', 'rh': 12}, {'layer': '700mb', 'rh': 14}, {'layer': '650mb', 'rh': 15}, {'layer': '600mb', 'rh': 15}, {'layer': '550mb', 'rh': 14}, {'layer': '500mb', 'rh': 13}, {'layer': '450mb', 'rh': 13}, {'layer': '400mb', 'rh': 10}, {'layer': '350mb', 'rh': 5}, {'layer': '300mb', 'rh': 12}, {'layer': '250mb', 'rh': 13}, {'layer': '200mb', 'rh': 15}]","[{'layer': '950mb', 'direction': -9999, 'speed': -9999}, {'layer': '900mb', 'direction': -9999, 'speed': -9999}, {'layer': '850mb', 'direction': -9999, 'speed': -9999}, {'layer': '800mb', 'direction': 15, 'speed': 2}, {'layer': '750mb', 'direction': 0, 'speed': 2}, {'layer': '700mb', 'direction': 355, 'speed': 2}, {'layer': '650mb', 'direction': 0, 'speed': 3}, {'layer': '600mb', 'direction': 40, 'speed': 2}, {'layer': '550mb', 'direction': 100, 'speed': 3}, {'layer': '500mb', 'direction': 95, 'speed': 3}, {'layer': '450mb', 'direction': 110, 'speed': 3}, {'layer': '400mb', 'direction': 95, 'speed': 3}, {'layer': '350mb', 'direction': 80, 'speed': 4}, {'layer': '300mb', 'direction': 85, 'speed': 5}, {'layer': '250mb', 'direction': 120, 'speed': 5}, {'layer': '200mb', 'direction': 105, 'speed': 5}]",15,-1,14,-9999,rain,4,0,355,2,Papua New Guinea
8,27,9,-9999,-9999,-9999,"[{'layer': '950mb', 'rh': -9999}, {'layer': '900mb', 'rh': -9999}, {'layer': '850mb', 'rh': -9999}, {'layer': '800mb', 'rh': 12}, {'layer': '750mb', 'rh': 13}, {'layer': '700mb', 'rh': 12}, {'layer': '650mb', 'rh': 14}, {'layer': '600mb', 'rh': 15}, {'layer': '550mb', 'rh': 15}, {'layer': '500mb', 'rh': 13}, {'layer': '450mb', 'rh': 11}, {'layer': '400mb', 'rh': 8}, {'layer': '350mb', 'rh': 8}, {'layer': '300mb', 'rh': 13}, {'layer': '250mb', 'rh': 15}, {'layer': '200mb', 'rh': 16}]","[{'layer': '950mb', 'direction': -9999, 'speed': -9999}, {'layer': '900mb', 'direction': -9999, 'speed': -9999}, {'layer': '850mb', 'direction': -9999, 'speed': -9999}, {'layer': '800mb', 'direction': 25, 'speed': 2}, {'layer': '750mb', 'direction': 355, 'speed': 2}, {'layer': '700mb', 'direction': 350, 'speed': 3}, {'layer': '650mb', 'direction': 5, 'speed': 3}, {'layer': '600mb', 'direction': 50, 'speed': 2}, {'layer': '550mb', 'direction': 85, 'speed': 3}, {'layer': '500mb', 'direction': 95, 'speed': 3}, {'layer': '450mb', 'direction': 100, 'speed': 3}, {'layer': '400mb', 'direction': 90, 'speed': 4}, {'layer': '350mb', 'direction': 75, 'speed': 4}, {'layer': '300mb', 'direction': 110, 'speed': 5}, {'layer': '250mb', 'direction': 120, 'speed': 5}, {'layer': '200mb', 'direction': 100, 'speed': 6}]",16,-1,12,-9999,rain,4,0,10,2,Papua New Guinea
9,30,9,-9999,-9999,-9999,"[{'layer': '950mb', 'rh': -9999}, {'layer': '900mb', 'rh': -9999}, {'layer': '850mb', 'rh': -9999}, {'layer': '800mb', 'rh': 13}, {'layer': '750mb', 'rh': 13}, {'layer': '700mb', 'rh': 10}, {'layer': '650mb', 'rh': 12}, {'layer': '600mb', 'rh': 14}, {'layer': '550mb', 'rh': 14}, {'layer': '500mb', 'rh': 14}, {'layer': '450mb', 'rh': 14}, {'layer': '400mb', 'rh': 8}, {'layer': '350mb', 'rh': 7}, {'layer': '300mb', 'rh': 14}, {'layer': '250mb', 'rh': 4}, {'layer': '200mb', 'rh': 6}]","[{'layer': '950mb', 'direction': -9999, 'speed': -9999}, {'layer': '900mb', 'direction': -9999, 'speed': -9999}, {'layer': '850mb', 'direction': -9999, 'speed': -9999}, {'layer': '800mb', 'direction': 40, 'speed': 2}, {'layer': '750mb', 'direction': 340, 'speed': 2}, {'layer': '700mb', 'direction': 340, 'speed': 2}, {'layer': '650mb', 'direction': 15, 'speed': 2}, {'layer': '600mb', 'direction': 65, 'speed': 2}, {'layer': '550mb', 'direction': 85, 'speed': 3}, {'layer': '500mb', 'direction': 105, 'speed': 3}, {'layer': '450mb', 'direction': 125, 'speed': 3}, {'layer': '400mb', 'direction': 90, 'speed': 4}, {'layer': '350mb', 'direction': 75, 'speed': 4}, {'layer': '300mb', 'direction': 90, 'speed': 5}, {'layer': '250mb', 'direction': 110, 'speed': 5}, {'layer': '200mb', 'direction': 115, 'speed': 5}]",16,-4,12,-9999,rain,4,0,30,2,Papua New Guinea
10,33,9,-9999,-9999,-9999,"[{'layer': '950mb', 'rh': -9999}, {'layer': '900mb', 'rh': -9999}, {'layer': '850mb', 'rh': -9999}, {'layer': '800mb', 'rh': 14}, {'layer': '750mb', 'rh': 13}, {'layer': '700mb', 'rh': 10}, {'layer': '650mb', 'rh': 11}, {'layer': '600mb', 'rh': 12}, {'layer': '550mb', 'rh': 14}, {'layer': '500mb', 'rh': 15}, {'layer': '450mb', 'rh': 12}, {'layer': '400mb', 'rh': 7}, {'layer': '350mb', 'rh': 7}, {'layer': '300mb', 'rh': 13}, {'layer': '250mb', 'rh': 15}, {'layer': '200mb', 'rh': 7}]","[{'layer': '950mb', 'direction': -9999, 'speed': -9999}, {'layer': '900mb', 'direction': -9999, 'speed': -9999}, {'layer': '850mb', 'direction': -9999, 'speed': -9999}, {'layer': '800mb', 'direction': 345, 'speed': 2}, {'layer': '750mb', 'direction': 340, 'speed': 2}, {'layer': '700mb', 'direction': 350, 'speed': 2}, {'layer': '650mb', 'direction': 35, 'speed': 2}, {'layer': '600mb', 'direction': 75, 'speed': 3}, {'layer': '550mb', 'direction': 90, 'speed': 3}, {'layer': '500mb', 'direction': 100, 'speed': 3}, {'layer': '450mb', 'direction': 100, 'speed': 3}, {'layer': '400mb', 'direction': 75, 'speed': 4}, {'layer': '350mb', 'direction': 65, 'speed': 5}, {'layer': '300mb', 'direction': 85, 'speed': 5}, {'layer': '250mb', 'direction': 110, 'speed': 5}, {'layer': '200mb', 'direction': 120, 'speed': 5}]",14,-1,15,-9999,rain,4,0,345,2,Papua New Guinea
11,36,9,-9999,-9999,-9999,"[{'layer': '950mb', 'rh': -9999}, {'layer': '900mb', 'rh': -9999}, {'layer': '850mb', 'rh': -9999}, {'layer': '800mb', 'rh': 13}, {'layer': '750mb', 'rh': 13}, {'layer': '700mb', 'rh': 12}, {'layer': '650mb', 'rh': 13}, {'layer': '600mb', 'rh': 12}, {'layer': '550mb', 'rh': 13}, {'layer': '500mb', 'rh': 13}, {'layer': '450mb', 'rh': 10}, {'layer': '400mb', 'rh': 4}, {'layer': '350mb', 'rh': 5}, {'layer': '300mb', 'rh': 13}, {'layer': '250mb', 'rh': 15}, {'layer': '200mb', 'rh': 3}]","[{'layer': '950mb', 'direction': -9999, 'speed': -9999}, {'layer': '900mb', 'direction': -9999, 'speed': -9999}, {'layer': '850mb', 'direction': -9999, 'speed': -9999}, {'layer': '800mb', 'direction': 335, 'speed': 2}, {'layer': '750mb', 'direction': 355, 'speed': 2}, {'layer': '700mb', 'direction': 355, 'speed': 2}, {'layer': '650mb', 'direction': 30, 'speed': 2}, {'layer': '600mb', 'direction': 65, 'speed': 3}, {'layer': '550mb', 'direction': 85, 'speed': 3}, {'layer': '500mb', 'direction': 85, 'speed': 3}, {'layer': '450mb', 'direction': 85, 'speed': 4}, {'layer': '400mb', 'direction': 85, 'speed': 4}, {'layer': '350mb', 'direction': 70, 'speed': 5}, {'layer': '300mb', 'direction': 80, 'speed': 6}, {'layer': '250mb', 'direction': 120, 'speed': 5}, {'layer': '200mb', 'direction': 100, 'speed': 6}]",13,-1,15,-9999,rain,4,0,320,2,Papua New Guinea
12,39,7,-9999,-9999,-9999,"[{'layer': '950mb', 'rh': -9999}, {'layer': '900mb', 'rh': -9999}, {'layer': '850mb', 'rh': -9999}, {'layer': '800mb', 'rh': 13}, {'layer': '750mb', 'rh': 13}, {'layer': '700mb', 'rh': 13}, {'layer': '650mb', 'rh': 13}, {'layer': '600mb', 'rh': 12}, {'layer': '550mb', 'rh': 11}, {'layer': '500mb', 'rh': 8}, {'layer': '450mb', 'rh': 6}, {'layer': '400mb', 'rh': 5}, {'layer': '350mb', 'rh': 2}, {'layer': '300mb', 'rh': 8}, {'layer': '250mb', 'rh': 15}, {'layer': '200mb', 'rh': 6}]","[{'layer': '950mb', 'direction': -9999, 'speed': -9999}, {'layer': '900mb', 'direction': -9999, 'speed': -9999}, {'layer': '850mb', 'direction': -9999, 'speed': -9999}, {'layer': '800mb', 'direction': 285, 'speed': 2}, {'layer': '750mb', 'direction': 340, 'speed': 2}, {'layer': '700mb', 'direction': 350, 'speed': 3}, {'layer': '650mb', 'direction': 10, 'speed': 3}, {'layer': '600mb', 'direction': 50, 'speed': 3}, {'layer': '550mb', 'direction': 75, 'speed': 3}, {'layer': '500mb', 'direction': 95, 'speed': 3}, {'layer': '450mb', 'direction': 95, 'speed': 4}, {'layer': '400mb', 'direction': 85, 'speed': 5}, {'layer': '350mb', 'direction': 70, 'speed': 5}, {'layer': '300mb', 'direction': 90, 'speed': 5}, {'layer': '250mb', 'direction': 105, 'speed': 5}, {'layer': '200mb', 'direction': 115, 'speed': 6}]",11,2,15,-9999,rain,4,0,305,2,Papua New Guinea
13,42,8,-9999,-9999,-9999,"[{'layer': '950mb', 'rh': -9999}, {'layer': '900mb', 'rh': -9999}, {'layer': '850mb', 'rh': -9999}, {'layer': '800mb', 'rh': 12}, {'layer': '750mb', 'rh': 14}, {'layer': '700mb', 'rh': 13}, {'layer': '650mb', 'rh': 12}, {'layer': '600mb', 'rh': 12}, {'layer': '550mb', 'rh': 12}, {'layer': '500mb', 'rh': 8}, {'layer': '450mb', 'rh': 6}, {'layer': '400mb', 'rh': 5}, {'layer': '350mb', 'rh': 3}, {'layer': '300mb', 'rh': 5}, {'layer': '250mb', 'rh': 12}, {'layer': '200mb', 'rh': 8}]","[{'layer': '950mb', 'direction': -9999, 'speed': -9999}, {'layer': '900mb', 'direction': -9999, 'speed': -9999}, {'layer': '850mb', 'direction': -9999, 'speed': -9999}, {'layer': '800mb', 'direction': 275, 'speed': 2}, {'layer': '750mb', 'direction': 340, 'speed': 2}, {'layer': '700mb', 'direction': 345, 'speed': 3}, {'layer': '650mb', 'direction': 350, 'speed': 3}, {'layer': '600mb', 'direction': 40, 'speed': 3}, {'layer': '550mb', 'direction': 65, 'speed': 3}, {'layer': '500mb', 'direction': 95, 'speed': 3}, {'layer': '450mb', 'direction': 100, 'speed': 4}, {'layer': '400mb', 'direction': 85, 'speed': 4}, {'layer': '350mb', 'direction': 75, 'speed': 5}, {'layer': '300mb', 'direction': 75, 'speed': 5}, {'layer': '250mb', 'direction': 130, 'speed': 5}, {'layer': '200mb', 'direction': 115, 'speed': 6}]",11,2,15,-9999,rain,4,0,320,2,Papua New Guinea
14,45,9,-9999,-9999,-9999,"[{'layer': '950mb', 'rh': -9999}, {'layer': '900mb', 'rh': -9999}, {'layer': '850mb', 'rh': -9999}, {'layer': '800mb', 'rh': 12}, {'layer': '750mb', 'rh': 13}, {'layer': '700mb', 'rh': 11}, {'layer': '650mb', 'rh': 11}, {'layer': '600mb', 'rh': 11}, {'layer': '550mb', 'rh': 13}, {'layer': '500mb', 'rh': 9}, {'layer': '450mb', 'rh': 5}, {'layer': '400mb', 'rh': 4}, {'layer': '350mb', 'rh': 4}, {'layer': '300mb', 'rh': 6}, {'layer': '250mb', 'rh': 14}, {'layer': '200mb', 'rh': 16}]","[{'layer': '950mb', 'direction': -9999, 'speed': -9999}, {'layer': '900mb', 'direction': -9999, 'speed': -9999}, {'layer': '850mb', 'direction': -9999, 'speed': -9999}, {'layer': '800mb', 'direction': 260, 'speed': 2}, {'layer': '750mb', 'direction': 330, 'speed': 2}, {'layer': '700mb', 'direction': 335, 'speed': 3}, {'layer': '650mb', 'direction': 350, 'speed': 3}, {'layer': '600mb', 'direction': 30, 'speed': 3}, {'layer': '550mb', 'direction': 70, 'speed': 3}, {'layer': '500mb', 'direction': 85, 'speed': 4}, {'layer': '450mb', 'direction': 95, 'speed': 4}, {'layer': '400mb', 'direction': 80, 'speed': 4}, {'layer': '350mb', 'direction': 75, 'speed': 5}, {'layer': '300mb', 'direction': 115, 'speed': 5}, {'layer': '250mb', 'direction': 120, 'speed': 5}, {'layer': '200mb', 'direction': 100, 'speed': 6}]",11,2,15,-9999,none,4,0,325,2,Papua New Guinea
15,48,9,-9999,-9999,-9999,"[{'layer': '950mb', 'rh': -9999}, {'layer': '900mb', 'rh': -9999}, {'layer': '850mb', 'rh': -9999}, {'layer': '800mb', 'rh': 11}, {'layer': '750mb', 'rh': 11}, {'layer': '700mb', 'rh': 9}, {'layer': '650mb', 'rh': 8}, {'layer': '600mb', 'rh': 9}, {'layer': '550mb', 'rh': 10}, {'layer': '500mb', 'rh': 6}, {'layer': '450mb', 'rh': 4}, {'layer': '400mb', 'rh': 4}, {'layer': '350mb', 'rh': 3}, {'layer': '300mb', 'rh': 11}, {'layer': '250mb', 'rh': 13}, {'layer': '200mb', 'rh': 16}]","[{'layer': '950mb', 'direction': -9999, 'speed': -9999}, {'layer': '900mb', 'direction': -9999, 'speed': -9999}, {'layer': '850mb', 'direction': -9999, 'speed': -9999}, {'layer': '800mb', 'direction': 335, 'speed': 2}, {'layer': '750mb', 'direction': 320, 'speed': 2}, {'layer': '700mb', 'direction': 330, 'speed': 3}, {'layer': '650mb', 'direction': 350, 'speed': 3}, {'layer': '600mb', 'direction': 35, 'speed': 3}, {'layer': '550mb', 'direction': 70, 'speed': 3}, {'layer': '500mb', 'direction': 85, 'speed': 4}, {'layer': '450mb', 'direction': 90, 'speed': 4}, {'layer': '400mb', 'direction': 80, 'speed': 5}, {'layer': '350mb', 'direction': 75, 'speed': 5}, {'layer': '300mb', 'direction': 120, 'speed': 5}, {'layer': '250mb', 'direction': 120, 'speed': 5}, {'layer': '200mb', 'direction': 100, 'speed': 5}]",20,2,9,-9999,none,4,0,35,2,Papua New Guinea
16,51,9,-9999,-9999,-9999,"[{'layer': '950mb', 'rh': -9999}, {'layer': '900mb', 'rh': -9999}, {'layer': '850mb', 'rh': -9999}, {'layer': '800mb', 'rh': 9}, {'layer': '750mb', 'rh': 12}, {'layer': '700mb', 'rh': 13}, {'layer': '650mb', 'rh': 8}, {'layer': '600mb', 'rh': 8}, {'layer': '550mb', 'rh': 9}, {'layer': '500mb', 'rh': 6}, {'layer': '450mb', 'rh': 3}, {'layer': '400mb', 'rh': 5}, {'layer': '350mb', 'rh': 6}, {'layer': '300mb', 'rh': 13}, {'layer': '250mb', 'rh': 15}, {'layer': '200mb', 'rh': 16}]","[{'layer': '950mb', 'direction': -9999, 'speed': -9999}, {'layer': '900mb', 'direction': -9999, 'speed': -9999}, {'layer': '850mb', 'direction': -9999, 'speed': -9999}, {'layer': '800mb', 'direction': 30, 'speed': 2}, {'layer': '750mb', 'direction': 0, 'speed': 2}, {'layer': '700mb', 'direction': 320, 'speed': 2}, {'layer': '650mb', 'direction': 340, 'speed': 3}, {'layer': '600mb', 'direction': 35, 'speed': 2}, {'layer': '550mb', 'direction': 80, 'speed': 3}, {'layer': '500mb', 'direction': 85, 'speed': 4}, {'layer': '450mb', 'direction': 80, 'speed': 4}, {'layer': '400mb', 'direction': 70, 'speed': 5}, {'layer': '350mb', 'direction': 75, 'speed': 5}, {'layer': '300mb', 'direction': 120, 'speed': 5}, {'layer': '250mb', 'direction': 120, 'speed': 5}, {'layer': '200mb', 'direction': 100, 'speed': 5}]",23,-1,7,-9999,rain,4,0,35,2,Papua New Guinea
17,54,9,-9999,-9999,-9999,"[{'layer': '950mb', 'rh': -9999}, {'layer': '900mb', 'rh': -9999}, {'layer': '850mb', 'rh': -9999}, {'layer': '800mb', 'rh': 11}, {'layer': '750mb', 'rh': 14}, {'layer': '700mb', 'rh': 11}, {'layer': '650mb', 'rh': 8}, {'layer': '600mb', 'rh': 8}, {'layer': '550mb', 'rh': 7}, {'layer': '500mb', 'rh': 5}, {'layer': '450mb', 'rh': 6}, {'layer': '400mb', 'rh': 8}, {'layer': '350mb', 'rh': 9}, {'layer': '300mb', 'rh': 9}, {'layer': '250mb', 'rh': 11}, {'layer': '200mb', 'rh': 13}]","[{'layer': '950mb', 'direction': -9999, 'speed': -9999}, {'layer': '900mb', 'direction': -9999, 'speed': -9999}, {'layer': '850mb', 'direction': -9999, 'speed': -9999}, {'layer': '800mb', 'direction': 20, 'speed': 2}, {'layer': '750mb', 'direction': 20, 'speed': 2}, {'layer': '700mb', 'direction': 345, 'speed': 2}, {'layer': '650mb', 'direction': 330, 'speed': 2}, {'layer': '600mb', 'direction': 60, 'speed': 2}, {'layer': '550mb', 'direction': 85, 'speed': 3}, {'layer': '500mb', 'direction': 75, 'speed': 4}, {'layer': '450mb', 'direction': 65, 'speed': 4}, {'layer': '400mb', 'direction': 70, 'speed': 5}, {'layer': '350mb', 'direction': 85, 'speed': 5}, {'layer': '300mb', 'direction': 125, 'speed': 5}, {'layer': '250mb', 'direction': 135, 'speed': 5}, {'layer': '200mb', 'direction': 90, 'speed': 5}]",22,-1,10,-9999,rain,4,0,35,2,Papua New Guinea
18,57,9,-9999,-9999,-9999,"[{'layer': '950mb', 'rh': -9999}, {'layer': '900mb', 'rh': -9999}, {'layer': '850mb', 'rh': -9999}, {'layer': '800mb', 'rh': 14}, {'layer': '750mb', 'rh': 13}, {'layer': '700mb', 'rh': 9}, {'layer': '650mb', 'rh': 8}, {'layer': '600mb', 'rh': 8}, {'layer': '550mb', 'rh': 8}, {'layer': '500mb', 'rh': 6}, {'layer': '450mb', 'rh': 6}, {'layer': '400mb', 'rh': 8}, {'layer': '350mb', 'rh': 10}, {'layer': '300mb', 'rh': 10}, {'layer': '250mb', 'rh': 10}, {'layer': '200mb', 'rh': 5}]","[{'layer': '950mb', 'direction': -9999, 'speed': -9999}, {'layer': '900mb', 'direction': -9999, 'speed': -9999}, {'layer': '850mb', 'direction': -9999, 'speed': -9999}, {'layer': '800mb', 'direction': 340, 'speed': 2}, {'layer': '750mb', 'direction': 0, 'speed': 2}, {'layer': '700mb', 'direction': 0, 'speed': 3}, {'layer': '650mb', 'direction': 0, 'speed': 2}, {'layer': '600mb', 'direction': 55, 'speed': 2}, {'layer': '550mb', 'direction': 80, 'speed': 3}, {'layer': '500mb', 'direction': 70, 'speed': 4}, {'layer': '450mb', 'direction': 65, 'speed': 5}, {'layer': '400mb', 'direction': 70, 'speed': 5}, {'layer': '350mb', 'direction': 80, 'speed': 5}, {'layer': '300mb', 'direction': 130, 'speed': 5}, {'layer': '250mb', 'direction': 120, 'speed': 5}, {'layer': '200mb', 'direction': 105, 'speed': 4}]",14,-1,15,-9999,rain,4,0,340,2,Papua New Guinea
19,60,9,-9999,-9999,-9999,"[{'layer': '950mb', 'rh': -9999}, {'layer': '900mb', 'rh': -9999}, {'layer': '850mb', 'rh': -9999}, {'layer': '800mb', 'rh': 13}, {'layer': '750mb', 'rh': 13}, {'layer': '700mb', 'rh': 9}, {'layer': '650mb', 'rh': 8}, {'layer': '600mb', 'rh': 10}, {'layer': '550mb', 'rh': 10}, {'layer': '500mb', 'rh': 5}, {'layer': '450mb', 'rh': 5}, {'layer': '400mb', 'rh': 7}, {'layer': '350mb', 'rh': 10}, {'layer': '300mb', 'rh': 12}, {'layer': '250mb', 'rh': 15}, {'layer': '200mb', 'rh': 12}]","[{'layer': '950mb', 'direction': -9999, 'speed': -9999}, {'layer': '900mb', 'direction': -9999, 'speed': -9999}, {'layer': '850mb', 'direction': -9999, 'speed': -9999}, {'layer': '800mb', 'direction': 325, 'speed': 2}, {'layer': '750mb', 'direction': 350, 'speed': 2}, {'layer': '700mb', 'direction': 350, 'speed': 3}, {'layer': '650mb', 'direction': 350, 'speed': 3}, {'layer': '600mb', 'direction': 30, 'speed': 2}, {'layer': '550mb', 'direction': 70, 'speed': 3}, {'layer': '500mb', 'direction': 75, 'speed': 4}, {'layer': '450mb', 'direction': 75, 'speed': 5}, {'layer': '400mb', 'direction': 70, 'speed': 5}, {'layer': '350mb', 'direction': 75, 'speed': 5}, {'layer': '300mb', 'direction': 120, 'speed': 5}, {'layer': '250mb', 'direction': 130, 'speed': 5}, {'layer': '200mb', 'direction': 110, 'speed': 5}]",12,2,15,-9999,rain,4,0,325,2,Papua New Guinea
20,63,9,-9999,-9999,-9999,"[{'layer': '950mb', 'rh': -9999}, {'layer': '900mb', 'rh': -9999}, {'layer': '850mb', 'rh': -9999}, {'layer': '800mb', 'rh': 13}, {'layer': '750mb', 'rh': 12}, {'layer': '700mb', 'rh': 8}, {'layer': '650mb', 'rh': 7}, {'layer': '600mb', 'rh': 8}, {'layer': '550mb', 'rh': 9}, {'layer': '500mb', 'rh': 10}, {'layer': '450mb', 'rh': 8}, {'layer': '400mb', 'rh': 3}, {'layer': '350mb', 'rh': 10}, {'layer': '300mb', 'rh': 16}, {'layer': '250mb', 'rh': 15}, {'layer': '200mb', 'rh': 12}]","[{'layer': '950mb', 'direction': -9999, 'speed': -9999}, {'layer': '900mb', 'direction': -9999, 'speed': -9999}, {'layer': '850mb', 'direction': -9999, 'speed': -9999}, {'layer': '800mb', 'direction': 275, 'speed': 2}, {'layer': '750mb', 'direction': 330, 'speed': 2}, {'layer': '700mb', 'direction': 335, 'speed': 3}, {'layer': '650mb', 'direction': 340, 'speed': 3}, {'layer': '600mb', 'direction': 30, 'speed': 2}, {'layer': '550mb', 'direction': 70, 'speed': 3}, {'layer': '500mb', 'direction': 80, 'speed': 3}, {'layer': '450mb', 'direction': 80, 'speed': 4}, {'layer': '400mb', 'direction': 70, 'speed': 5}, {'layer': '350mb', 'direction': 80, 'speed': 5}, {'layer': '300mb', 'direction': 120, 'speed': 5}, {'layer': '250mb', 'direction': 120, 'speed': 5}, {'layer': '200mb', 'direction': 125, 'speed': 4}]",11,2,15,-9999,rain,4,0,315,2,Papua New Guinea
21,66,9,-9999,-9999,-9999,"[{'layer': '950mb', 'rh': -9999}, {'layer': '900mb', 'rh': -9999}, {'layer': '850mb', 'rh': -9999}, {'layer': '800mb', 'rh': 12}, {'layer': '750mb', 'rh': 12}, {'layer': '700mb', 'rh': 9}, {'layer': '650mb', 'rh': 9}, {'layer': '600mb', 'rh': 8}, {'layer': '550mb', 'rh': 10}, {'layer': '500mb', 'rh': 9}, {'layer': '450mb', 'rh': 8}, {'layer': '400mb', 'rh': 4}, {'layer': '350mb', 'rh': 9}, {'layer': '300mb', 'rh': 10}, {'layer': '250mb', 'rh': 14}, {'layer': '200mb', 'rh': 16}]","[{'layer': '950mb', 'direction': -9999, 'speed': -9999}, {'layer': '900mb', 'direction': -9999, 'speed': -9999}, {'layer': '850mb', 'direction': -9999, 'speed': -9999}, {'layer': '800mb', 'direction': 295, 'speed': 2}, {'layer': '750mb', 'direction': 340, 'speed': 2}, {'layer': '700mb', 'direction': 335, 'speed': 3}, {'layer': '650mb', 'direction': 345, 'speed': 3}, {'layer': '600mb', 'direction': 25, 'speed': 2}, {'layer': '550mb', 'direction': 75, 'speed': 3}, {'layer': '500mb', 'direction': 80, 'speed': 3}, {'layer': '450mb', 'direction': 75, 'speed': 4}, {'layer': '400mb', 'direction': 65, 'speed': 4}, {'layer': '350mb', 'direction': 85, 'speed': 4}, {'layer': '300mb', 'direction': 125, 'speed': 5}, {'layer': '250mb', 'direction': 115, 'speed': 5}, {'layer': '200mb', 'direction': 120, 'speed': 6}]",10,6,15,-9999,rain,4,0,315,2,Papua New Guinea
22,69,9,-9999,-9999,-9999,"[{'layer': '950mb', 'rh': -9999}, {'layer': '900mb', 'rh': -9999}, {'layer': '850mb', 'rh': -9999}, {'layer': '800mb', 'rh': 11}, {'layer': '750mb', 'rh': 11}, {'layer': '700mb', 'rh': 8}, {'layer': '650mb', 'rh': 7}, {'layer': '600mb', 'rh': 8}, {'layer': '550mb', 'rh': 8}, {'layer': '500mb', 'rh': 8}, {'layer': '450mb', 'rh': 6}, {'layer': '400mb', 'rh': 6}, {'layer': '350mb', 'rh': 8}, {'layer': '300mb', 'rh': 11}, {'layer': '250mb', 'rh': 16}, {'layer': '200mb', 'rh': 14}]","[{'layer': '950mb', 'direction': -9999, 'speed': -9999}, {'layer': '900mb', 'direction': -9999, 'speed': -9999}, {'layer': '850mb', 'direction': -9999, 'speed': -9999}, {'layer': '800mb', 'direction': 250, 'speed': 2}, {'layer': '750mb', 'direction': 325, 'speed': 2}, {'layer': '700mb', 'direction': 335, 'speed': 3}, {'layer': '650mb', 'direction': 345, 'speed': 3}, {'layer': '600mb', 'direction': 20, 'speed': 3}, {'layer': '550mb', 'direction': 75, 'speed': 3}, {'layer': '500mb', 'direction': 90, 'speed': 3}, {'layer': '450mb', 'direction': 85, 'speed': 4}, {'layer': '400mb', 'direction': 70, 'speed': 4}, {'layer': '350mb', 'direction': 85, 'speed': 5}, {'layer': '300mb', 'direction': 110, 'speed': 5}, {'layer': '250mb', 'direction': 110, 'speed': 5}, {'layer': '200mb', 'direction': 110, 'speed': 5}]",11,6,14,-9999,none,4,0,295,2,Papua New Guinea
23,72,9,-9999,-9999,-9999,"[{'layer': '950mb', 'rh': -9999}, {'layer': '900mb', 'rh': -9999}, {'layer': '850mb', 'rh': -9999}, {'layer': '800mb', 'rh': 9}, {'layer': '750mb', 'rh': 9}, {'layer': '700mb', 'rh': 6}, {'layer': '650mb', 'rh': 6}, {'layer': '600mb', 'rh': 7}, {'layer': '550mb', 'rh': 8}, {'layer': '500mb', 'rh': 7}, {'layer': '450mb', 'rh': 4}, {'layer': '400mb', 'rh': 7}, {'layer': '350mb', 'rh': 10}, {'layer': '300mb', 'rh': 11}, {'layer': '250mb', 'rh': 6}, {'layer': '200mb', 'rh': 12}]","[{'layer': '950mb', 'direction': -9999, 'speed': -9999}, {'layer': '900mb', 'direction': -9999, 'speed': -9999}, {'layer': '850mb', 'direction': -9999, 'speed': -9999}, {'layer': '800mb', 'direction': 5, 'speed': 2}, {'layer': '750mb', 'direction': 305, 'speed': 2}, {'layer': '700mb', 'direction': 325, 'speed': 2}, {'layer': '650mb', 'direction': 340, 'speed': 3}, {'layer': '600mb', 'direction': 10, 'speed': 3}, {'layer': '550mb', 'direction': 70, 'speed': 3}, {'layer': '500mb', 'direction': 95, 'speed': 3}, {'layer': '450mb', 'direction': 90, 'speed': 4}, {'layer': '400mb', 'direction': 75, 'speed': 4}, {'layer': '350mb', 'direction': 85, 'speed': 5}, {'layer': '300mb', 'direction': 110, 'speed': 5}, {'layer': '250mb', 'direction': 120, 'speed': 5}, {'layer': '200mb', 'direction': 115, 'speed': 6}]",21,2,7,-9999,none,4,0,50,2,Papua New Guinea
24,75,4,-9999,-9999,-9999,"[{'layer': '950mb', 'rh': -9999}, {'layer': '900mb', 'rh': -9999}, {'layer': '850mb', 'rh': -9999}, {'layer': '800mb', 'rh': 7}, {'layer': '750mb', 'rh': 9}, {'layer': '700mb', 'rh': 12}, {'layer': '650mb', 'rh': 8}, {'layer': '600mb', 'rh': 7}, {'layer': '550mb', 'rh': 7}, {'layer': '500mb', 'rh': 8}, {'layer': '450mb', 'rh': 3}, {'layer': '400mb', 'rh': 3}, {'layer': '350mb', 'rh': 6}, {'layer': '300mb', 'rh': 12}, {'layer': '250mb', 'rh': 6}, {'layer': '200mb', 'rh': 11}]","[{'layer': '950mb', 'direction': -9999, 'speed': -9999}, {'layer': '900mb', 'direction': -9999, 'speed': -9999}, {'layer': '850mb', 'direction': -9999, 'speed': -9999}, {'layer': '800mb', 'direction': 35, 'speed': 2}, {'layer': '750mb', 'direction': 0, 'speed': 2}, {'layer': '700mb', 'direction': 305, 'speed': 2}, {'layer': '650mb', 'direction': 300, 'speed': 2}, {'layer': '600mb', 'direction': 325, 'speed': 2}, {'layer': '550mb', 'direction': 70, 'speed': 2}, {'layer': '500mb', 'direction': 90, 'speed': 3}, {'layer': '450mb', 'direction': 85, 'speed': 4}, {'layer': '400mb', 'direction': 75, 'speed': 4}, {'layer': '350mb', 'direction': 90, 'speed': 5}, {'layer': '300mb', 'direction': 115, 'speed': 5}, {'layer': '250mb', 'direction': 120, 'speed': 6}, {'layer': '200mb', 'direction': 115, 'speed': 6}]",25,-1,5,-9999,none,4,0,45,2,Papua New Guinea
25,78,4,-9999,-9999,-9999,"[{'layer': '950mb', 'rh': -9999}, {'layer': '900mb', 'rh': -9999}, {'layer': '850mb', 'rh': -9999}, {'layer': '800mb', 'rh': 7}, {'layer': '750mb', 'rh': 11}, {'layer': '700mb', 'rh': 15}, {'layer': '650mb', 'rh': 10}, {'layer': '600mb', 'rh': 7}, {'layer': '550mb', 'rh': 8}, {'layer': '500mb', 'rh': 6}, {'layer': '450mb', 'rh': 5}, {'layer': '400mb', 'rh': 6}, {'layer': '350mb', 'rh': 8}, {'layer': '300mb', 'rh': 14}, {'layer': '250mb', 'rh': 13}, {'layer': '200mb', 'rh': 3}]","[{'layer': '950mb', 'direction': -9999, 'speed': -9999}, {'layer': '900mb', 'direction': -9999, 'speed': -9999}, {'layer': '850mb', 'direction': -9999, 'speed': -9999}, {'layer': '800mb', 'direction': 30, 'speed': 3}, {'layer': '750mb', 'direction': 20, 'speed': 2}, {'layer': '700mb', 'direction': 5, 'speed': 2}, {'layer': '650mb', 'direction': 260, 'speed': 2}, {'layer': '600mb', 'direction': 265, 'speed': 2}, {'layer': '550mb', 'direction': 80, 'speed': 2}, {'layer': '500mb', 'direction': 85, 'speed': 3}, {'layer': '450mb', 'direction': 90, 'speed': 4}, {'layer': '400mb', 'direction': 85, 'speed': 4}, {'layer': '350mb', 'direction': 100, 'speed': 5}, {'layer': '300mb', 'direction': 115, 'speed': 5}, {'layer': '250mb', 'direction': 130, 'speed': 5}, {'layer': '200mb', 'direction': 95, 'speed': 5}]",21,-1,7,-9999,rain,4,0,35,2,Papua New Guinea
26,81,9,-9999,-9999,-9999,"[{'layer': '950mb', 'rh': -9999}, {'layer': '900mb', 'rh': -9999}, {'layer': '850mb', 'rh': -9999}, {'layer': '800mb', 'rh': 11}, {'layer': '750mb', 'rh': 12}, {'layer': '700mb', 'rh': 12}, {'layer': '650mb', 'rh': 11}, {'layer': '600mb', 'rh': 10}, {'layer': '550mb', 'rh': 9}, {'layer': '500mb', 'rh': 8}, {'layer': '450mb', 'rh': 8}, {'layer': '400mb', 'rh': 8}, {'layer': '350mb', 'rh': 10}, {'layer': '300mb', 'rh': 10}, {'layer': '250mb', 'rh': 10}, {'layer': '200mb', 'rh': 4}]","[{'layer': '950mb', 'direction': -9999, 'speed': -9999}, {'layer': '900mb', 'direction': -9999, 'speed': -9999}, {'layer': '850mb', 'direction': -9999, 'speed': -9999}, {'layer': '800mb', 'direction': 5, 'speed': 2}, {'layer': '750mb', 'direction': 30, 'speed': 2}, {'layer': '700mb', 'direction': 45, 'speed': 2}, {'layer': '650mb', 'direction': 30, 'speed': 2}, {'layer': '600mb', 'direction': 220, 'speed': 1}, {'layer': '550mb', 'direction': 80, 'speed': 2}, {'layer': '500mb', 'direction': 85, 'speed': 3}, {'layer': '450mb', 'direction': 90, 'speed': 4}, {'layer': '400mb', 'direction': 85, 'speed': 4}, {'layer': '350mb', 'direction': 95, 'speed': 5}, {'layer': '300mb', 'direction': 130, 'speed': 5}, {'layer': '250mb', 'direction': 135, 'speed': 5}, {'layer': '200mb', 'direction': 115, 'speed': 5}]",14,-1,15,-9999,rain,4,0,265,2,Papua New Guinea
27,84,9,-9999,-9999,-9999,"[{'layer': '950mb', 'rh': -9999}, {'layer': '900mb', 'rh': -9999}, {'layer': '850mb', 'rh': -9999}, {'layer': '800mb', 'rh': 13}, {'layer': '750mb', 'rh': 12}, {'layer': '700mb', 'rh': 11}, {'layer': '650mb', 'rh': 10}, {'layer': '600mb', 'rh': 10}, {'layer': '550mb', 'rh': 9}, {'layer': '500mb', 'rh': 7}, {'layer': '450mb', 'rh': 8}, {'layer': '400mb', 'rh': 9}, {'layer': '350mb', 'rh': 14}, {'layer': '300mb', 'rh': 14}, {'layer': '250mb', 'rh': 16}, {'layer': '200mb', 'rh': 10}]","[{'layer': '950mb', 'direction': -9999, 'speed': -9999}, {'layer': '900mb', 'direction': -9999, 'speed': -9999}, {'layer': '850mb', 'direction': -9999, 'speed': -9999}, {'layer': '800mb', 'direction': 30, 'speed': 2}, {'layer': '750mb', 'direction': 40, 'speed': 2}, {'layer': '700mb', 'direction': 5, 'speed': 2}, {'layer': '650mb', 'direction': 345, 'speed': 2}, {'layer': '600mb', 'direction': 15, 'speed': 2}, {'layer': '550mb', 'direction': 60, 'speed': 2}, {'layer': '500mb', 'direction': 80, 'speed': 3}, {'layer': '450mb', 'direction': 80, 'speed': 4}, {'layer': '400mb', 'direction': 85, 'speed': 5}, {'layer': '350mb', 'direction': 95, 'speed': 5}, {'layer': '300mb', 'direction': 120, 'speed': 5}, {'layer': '250mb', 'direction': 130, 'speed': 5}, {'layer': '200mb', 'direction': 125, 'speed': 6}]",12,2,15,-9999,rain,4,0,290,2,Papua New Guinea
28,87,9,-9999,-9999,-9999,"[{'layer': '950mb', 'rh': -9999}, {'layer': '900mb', 'rh': -9999}, {'layer': '850mb', 'rh': -9999}, {'layer': '800mb', 'rh': 13}, {'layer': '750mb', 'rh': 12}, {'layer': '700mb', 'rh': 12}, {'layer': '650mb', 'rh': 11}, {'layer': '600mb', 'rh': 10}, {'layer': '550mb', 'rh': 9}, {'layer': '500mb', 'rh': 9}, {'layer': '450mb', 'rh': 9}, {'layer': '400mb', 'rh': 10}, {'layer': '350mb', 'rh': 14}, {'layer': '300mb', 'rh': 14}, {'layer': '250mb', 'rh': 16}, {'layer': '200mb', 'rh': 10}]","[{'layer': '950mb', 'direction': -9999, 'speed': -9999}, {'layer': '900mb', 'direction': -9999, 'speed': -9999}, {'layer': '850mb', 'direction': -9999, 'speed': -9999}, {'layer': '800mb', 'direction': 305, 'speed': 2}, {'layer': '750mb', 'direction': 0, 'speed': 2}, {'layer': '700mb', 'direction': 340, 'speed': 2}, {'layer': '650mb', 'direction': 330, 'speed': 2}, {'layer': '600mb', 'direction': 345, 'speed': 2}, {'layer': '550mb', 'direction': 55, 'speed': 3}, {'layer': '500mb', 'direction': 70, 'speed': 3}, {'layer': '450mb', 'direction': 75, 'speed': 4}, {'layer': '400mb', 'direction': 95, 'speed': 4}, {'layer': '350mb', 'direction': 105, 'speed': 5}, {'layer': '300mb', 'direction': 120, 'speed': 5}, {'layer': '250mb', 'direction': 125, 'speed': 5}, {'layer': '200mb', 'direction': 125, 'speed': 6}]",12,2,15,-9999,rain,4,0,290,2,Papua New Guinea
29,90,9,-9999,-9999,-9999,"[{'layer': '950mb', 'rh': -9999}, {'layer': '900mb', 'rh': -9999}, {'layer': '850mb', 'rh': -9999}, {'layer': '800mb', 'rh': 14}, {'layer': '750mb', 'rh': 14}, {'layer': '700mb', 'rh': 12}, {'layer': '650mb', 'rh': 10}, {'layer': '600mb', 'rh': 9}, {'layer': '550mb', 'rh': 10}, {'layer': '500mb', 'rh': 9}, {'layer': '450mb', 'rh': 8}, {'layer': '400mb', 'rh': 10}, {'layer': '350mb', 'rh': 13}, {'layer': '300mb', 'rh': 14}, {'layer': '250mb', 'rh': 16}, {'layer': '200mb', 'rh': 5}]","[{'layer': '950mb', 'direction': -9999, 'speed': -9999}, {'layer': '900mb', 'direction': -9999, 'speed': -9999}, {'layer': '850mb', 'direction': -9999, 'speed': -9999}, {'layer': '800mb', 'direction': 290, 'speed': 2}, {'layer': '750mb', 'direction': 345, 'speed': 2}, {'layer': '700mb', 'direction': 340, 'speed': 2}, {'layer': '650mb', 'direction': 335, 'speed': 2}, {'layer': '600mb', 'direction': 0, 'speed': 2}, {'layer': '550mb', 'direction': 55, 'speed': 3}, {'layer': '500mb', 'direction': 65, 'speed': 3}, {'layer': '450mb', 'direction': 75, 'speed': 4}, {'layer': '400mb', 'direction': 90, 'speed': 4}, {'layer': '350mb', 'direction': 105, 'speed': 4}, {'layer': '300mb', 'direction': 125, 'speed': 5}, {'layer': '250mb', 'direction': 135, 'speed': 5}, {'layer': '200mb', 'direction': 115, 'speed': 6}]",11,2,15,-9999,rain,4,0,315,2,Papua New Guinea
30,93,9,-9999,-9999,-9999,"[{'layer': '950mb', 'rh': -9999}, {'layer': '900mb', 'rh': -9999}, {'layer': '850mb', 'rh': -9999}, {'layer': '800mb', 'rh': 13}, {'layer': '750mb', 'rh': 14}, {'layer': '700mb', 'rh': 10}, {'layer': '650mb', 'rh': 7}, {'layer': '600mb', 'rh': 8}, {'layer': '550mb', 'rh': 8}, {'layer': '500mb', 'rh': 6}, {'layer': '450mb', 'rh': 7}, {'layer': '400mb', 'rh': 8}, {'layer': '350mb', 'rh': 12}, {'layer': '300mb', 'rh': 15}, {'layer': '250mb', 'rh': 16}, {'layer': '200mb', 'rh': 8}]","[{'layer': '950mb', 'direction': -9999, 'speed': -9999}, {'layer': '900mb', 'direction': -9999, 'speed': -9999}, {'layer': '850mb', 'direction': -9999, 'speed': -9999}, {'layer': '800mb', 'direction': 250, 'speed': 2}, {'layer': '750mb', 'direction': 305, 'speed': 2}, {'layer': '700mb', 'direction': 330, 'speed': 2}, {'layer': '650mb', 'direction': 330, 'speed': 3}, {'layer': '600mb', 'direction': 355, 'speed': 3}, {'layer': '550mb', 'direction': 55, 'speed': 3}, {'layer': '500mb', 'direction': 65, 'speed': 3}, {'layer': '450mb', 'direction': 70, 'speed': 4}, {'layer': '400mb', 'direction': 85, 'speed': 4}, {'layer': '350mb', 'direction': 100, 'speed': 4}, {'layer': '300mb', 'direction': 125, 'speed': 5}, {'layer': '250mb', 'direction': 130, 'speed': 5}, {'layer': '200mb', 'direction': 110, 'speed': 6}]",12,2,15,-9999,none,4,0,315,2,Papua New Guinea
31,96,9,-9999,-9999,-9999,"[{'layer': '950mb', 'rh': -9999}, {'layer': '900mb', 'rh': -9999}, {'layer': '850mb', 'rh': -9999}, {'layer': '800mb', 'rh': 12}, {'layer': '750mb', 'rh': 12}, {'layer': '700mb', 'rh': 7}, {'layer': '650mb', 'rh': 6}, {'layer': '600mb', 'rh': 7}, {'layer': '550mb', 'rh': 7}, {'layer': '500mb', 'rh': 7}, {'layer': '450mb', 'rh': 7}, {'layer': '400mb', 'rh': 10}, {'layer': '350mb', 'rh': 14}, {'layer': '300mb', 'rh': 15}, {'layer': '250mb', 'rh': 16}, {'layer': '200mb', 'rh': 2}]","[{'layer': '950mb', 'direction': -9999, 'speed': -9999}, {'layer': '900mb', 'direction': -9999, 'speed': -9999}, {'layer': '850mb', 'direction': -9999, 'speed': -9999}, {'layer': '800mb', 'direction': 350, 'speed': 2}, {'layer': '750mb', 'direction': 300, 'speed': 2}, {'layer': '700mb', 'direction': 320, 'speed': 2}, {'layer': '650mb', 'direction': 320, 'speed': 3}, {'layer': '600mb', 'direction': 345, 'speed': 2}, {'layer': '550mb', 'direction': 50, 'speed': 3}, {'layer': '500mb', 'direction': 60, 'speed': 3}, {'layer': '450mb', 'direction': 65, 'speed': 4}, {'layer': '400mb', 'direction': 80, 'speed': 4}, {'layer': '350mb', 'direction': 90, 'speed': 4}, {'layer': '300mb', 'direction': 125, 'speed': 5}, {'layer': '250mb', 'direction': 100, 'speed': 5}, {'layer': '200mb', 'direction': 110, 'speed': 5}]",20,-1,10,-9999,rain,4,0,45,2,Papua New Guinea
32,99,9,-9999,-9999,-9999,"[{'layer': '950mb', 'rh': -9999}, {'layer': '900mb', 'rh': -9999}, {'layer': '850mb', 'rh': -9999}, {'layer': '800mb', 'rh': 12}, {'layer': '750mb', 'rh': 13}, {'layer': '700mb', 'rh': 9}, {'layer': '650mb', 'rh': 7}, {'layer': '600mb', 'rh': 8}, {'layer': '550mb', 'rh': 7}, {'layer': '500mb', 'rh': 6}, {'layer': '450mb', 'rh': 8}, {'layer': '400mb', 'rh': 12}, {'layer': '350mb', 'rh': 15}, {'layer': '300mb', 'rh': 16}, {'layer': '250mb', 'rh': 16}, {'layer': '200mb', 'rh': 15}]","[{'layer': '950mb', 'direction': -9999, 'speed': -9999}, {'layer': '900mb', 'direction': -9999, 'speed': -9999}, {'layer': '850mb', 'direction': -9999, 'speed': -9999}, {'layer': '800mb', 'direction': 30, 'speed': 2}, {'layer': '750mb', 'direction': 0, 'speed': 2}, {'layer': '700mb', 'direction': 295, 'speed': 2}, {'layer': '650mb', 'direction': 295, 'speed': 3}, {'layer': '600mb', 'direction': 305, 'speed': 2}, {'layer': '550mb', 'direction': 30, 'speed': 2}, {'layer': '500mb', 'direction': 60, 'speed': 3}, {'layer': '450mb', 'direction': 70, 'speed': 4}, {'layer': '400mb', 'direction': 80, 'speed': 5}, {'layer': '350mb', 'direction': 85, 'speed': 5}, {'layer': '300mb', 'direction': 100, 'speed': 5}, {'layer': '250mb', 'direction': 110, 'speed': 5}, {'layer': '200mb', 'direction': 100, 'speed': 5}]",23,-1,10,-9999,rain,4,0,45,2,Papua New Guinea
33,102,9,-9999,-9999,-9999,"[{'layer': '950mb', 'rh': -9999}, {'layer': '900mb', 'rh': -9999}, {'layer': '850mb', 'rh': -9999}, {'layer': '800mb', 'rh': 13}, {'layer': '750mb', 'rh': 14}, {'layer': '700mb', 'rh': 14}, {'layer': '650mb', 'rh': 12}, {'layer': '600mb', 'rh': 11}, {'layer': '550mb', 'rh': 11}, {'layer': '500mb', 'rh': 10}, {'layer': '450mb', 'rh': 9}, {'layer': '400mb', 'rh': 11}, {'layer': '350mb', 'rh': 16}, {'layer': '300mb', 'rh': 8}, {'layer': '250mb', 'rh': 5}, {'layer': '200mb', 'rh': 8}]","[{'layer': '950mb', 'direction': -9999, 'speed': -9999}, {'layer': '900mb', 'direction': -9999, 'speed': -9999}, {'layer': '850mb', 'direction': -9999, 'speed': -9999}, {'layer': '800mb', 'direction': 10, 'speed': 2}, {'layer': '750mb', 'direction': 15, 'speed': 2}, {'layer': '700mb', 'direction': 0, 'speed': 2}, {'layer': '650mb', 'direction': 300, 'speed': 2}, {'layer': '600mb', 'direction': 255, 'speed': 2}, {'layer': '550mb', 'direction': 265, 'speed': 2}, {'layer': '500mb', 'direction': 60, 'speed': 3}, {'layer': '450mb', 'direction': 65, 'speed': 4}, {'layer': '400mb', 'direction': 80, 'speed': 4}, {'layer': '350mb', 'direction': 85, 'speed': 5}, {'layer': '300mb', 'direction': 125, 'speed': 4}, {'layer': '250mb', 'direction': 115, 'speed': 6}, {'layer': '200mb', 'direction': 100, 'speed': 5}]",20,-4,13,-9999,rain,4,0,25,2,Papua New Guinea
34,105,6,-9999,-9999,-9999,"[{'layer': '950mb', 'rh': -9999}, {'layer': '900mb', 'rh': -9999}, {'layer': '850mb', 'rh': -9999}, {'layer': '800mb', 'rh': 13}, {'layer': '750mb', 'rh': 13}, {'layer': '700mb', 'rh': 13}, {'layer': '650mb', 'rh': 12}, {'layer': '600mb', 'rh': 12}, {'layer': '550mb', 'rh': 10}, {'layer': '500mb', 'rh': 9}, {'layer': '450mb', 'rh': 10}, {'layer': '400mb', 'rh': 12}, {'layer': '350mb', 'rh': 12}, {'layer': '300mb', 'rh': 12}, {'layer': '250mb', 'rh': 7}, {'layer': '200mb', 'rh': 7}]","[{'layer': '950mb', 'direction': -9999, 'speed': -9999}, {'layer': '900mb', 'direction': -9999, 'speed': -9999}, {'layer': '850mb', 'direction': -9999, 'speed': -9999}, {'layer': '800mb', 'direction': 0, 'speed': 2}, {'layer': '750mb', 'direction': 15, 'speed': 2}, {'layer': '700mb', 'direction': 355, 'speed': 2}, {'layer': '650mb', 'direction': 335, 'speed': 2}, {'layer': '600mb', 'direction': 330, 'speed': 2}, {'layer': '550mb', 'direction': 65, 'speed': 2}, {'layer': '500mb', 'direction': 50, 'speed': 3}, {'layer': '450mb', 'direction': 50, 'speed': 4}, {'layer': '400mb', 'direction': 70, 'speed': 5}, {'layer': '350mb', 'direction': 110, 'speed': 5}, {'layer': '300mb', 'direction': 120, 'speed': 5}, {'layer': '250mb', 'direction': 125, 'speed': 5}, {'layer': '200mb', 'direction': 110, 'speed': 5}]",13,-1,15,-9999,rain,4,0,335,2,Papua New Guinea
35,108,7,-9999,-9999,-9999,"[{'layer': '950mb', 'rh': -9999}, {'layer': '900mb', 'rh': -9999}, {'layer': '850mb', 'rh': -9999}, {'layer': '800mb', 'rh': 14}, {'layer': '750mb', 'rh': 14}, {'layer': '700mb', 'rh': 12}, {'layer': '650mb', 'rh': 11}, {'layer': '600mb', 'rh': 12}, {'layer': '550mb', 'rh': 11}, {'layer': '500mb', 'rh': 9}, {'layer': '450mb', 'rh': 8}, {'layer': '400mb', 'rh': 7}, {'layer': '350mb', 'rh': 15}, {'layer': '300mb', 'rh': 15}, {'layer': '250mb', 'rh': 4}, {'layer': '200mb', 'rh': 6}]","[{'layer': '950mb', 'direction': -9999, 'speed': -9999}, {'layer': '900mb', 'direction': -9999, 'speed': -9999}, {'layer': '850mb', 'direction': -9999, 'speed': -9999}, {'layer': '800mb', 'direction': 345, 'speed': 2}, {'layer': '750mb', 'direction': 355, 'speed': 2}, {'layer': '700mb', 'direction': 335, 'speed': 2}, {'layer': '650mb', 'direction': 330, 'speed': 3}, {'layer': '600mb', 'direction': 330, 'speed': 2}, {'layer': '550mb', 'direction': 55, 'speed': 2}, {'layer': '500mb', 'direction': 50, 'speed': 3}, {'layer': '450mb', 'direction': 45, 'speed': 4}, {'layer': '400mb', 'direction': 70, 'speed': 5}, {'layer': '350mb', 'direction': 80, 'speed': 5}, {'layer': '300mb', 'direction': 105, 'speed': 4}, {'layer': '250mb', 'direction': 120, 'speed': 5}, {'layer': '200mb', 'direction': 105, 'speed': 6}]",13,2,15,-9999,rain,4,0,325,2,Papua New Guinea
36,111,9,-9999,-9999,-9999,"[{'layer': '950mb', 'rh': -9999}, {'layer': '900mb', 'rh': -9999}, {'layer': '850mb', 'rh': -9999}, {'layer': '800mb', 'rh': 14}, {'layer': '750mb', 'rh': 15}, {'layer': '700mb', 'rh': 11}, {'layer': '650mb', 'rh': 9}, {'layer': '600mb', 'rh': 11}, {'layer': '550mb', 'rh': 10}, {'layer': '500mb', 'rh': 8}, {'layer': '450mb', 'rh': 7}, {'layer': '400mb', 'rh': 5}, {'layer': '350mb', 'rh': 11}, {'layer': '300mb', 'rh': 14}, {'layer': '250mb', 'rh': 3}, {'layer': '200mb', 'rh': 4}]","[{'layer': '950mb', 'direction': -9999, 'speed': -9999}, {'layer': '900mb', 'direction': -9999, 'speed': -9999}, {'layer': '850mb', 'direction': -9999, 'speed': -9999}, {'layer': '800mb', 'direction': 275, 'speed': 2}, {'layer': '750mb', 'direction': 330, 'speed': 2}, {'layer': '700mb', 'direction': 330, 'speed': 2}, {'layer': '650mb', 'direction': 320, 'speed': 3}, {'layer': '600mb', 'direction': 340, 'speed': 2}, {'layer': '550mb', 'direction': 40, 'speed': 3}, {'layer': '500mb', 'direction': 40, 'speed': 3}, {'layer': '450mb', 'direction': 35, 'speed': 4}, {'layer': '400mb', 'direction': 65, 'speed': 5}, {'layer': '350mb', 'direction': 80, 'speed': 5}, {'layer': '300mb', 'direction': 115, 'speed': 4}, {'layer': '250mb', 'direction': 110, 'speed': 5}, {'layer': '200mb', 'direction': 90, 'speed': 5}]",11,2,15,-9999,rain,4,0,310,2,Papua New Guinea
37,114,8,-9999,-9999,-9999,"[{'layer': '950mb', 'rh': -9999}, {'layer': '900mb', 'rh': -9999}, {'layer': '850mb', 'rh': -9999}, {'layer': '800mb', 'rh': 13}, {'layer': '750mb', 'rh': 14}, {'layer': '700mb', 'rh': 12}, {'layer': '650mb', 'rh': 10}, {'layer': '600mb', 'rh': 12}, {'layer': '550mb', 'rh': 11}, {'layer': '500mb', 'rh': 10}, {'layer': '450mb', 'rh': 6}, {'layer': '400mb', 'rh': 4}, {'layer': '350mb', 'rh': 11}, {'layer': '300mb', 'rh': 11}, {'layer': '250mb', 'rh': 5}, {'layer': '200mb', 'rh': 7}]","[{'layer': '950mb', 'direction': -9999, 'speed': -9999}, {'layer': '900mb', 'direction': -9999, 'speed': -9999}, {'layer': '850mb', 'direction': -9999, 'speed': -9999}, {'layer': '800mb', 'direction': 260, 'speed': 2}, {'layer': '750mb', 'direction': 305, 'speed': 2}, {'layer': '700mb', 'direction': 325, 'speed': 2}, {'layer': '650mb', 'direction': 320, 'speed': 3}, {'layer': '600mb', 'direction': 335, 'speed': 2}, {'layer': '550mb', 'direction': 30, 'speed': 3}, {'layer': '500mb', 'direction': 35, 'speed': 3}, {'layer': '450mb', 'direction': 40, 'speed': 4}, {'layer': '400mb', 'direction': 65, 'speed': 5}, {'layer': '350mb', 'direction': 80, 'speed': 5}, {'layer': '300mb', 'direction': 95, 'speed': 4}, {'layer': '250mb', 'direction': 100, 'speed': 5}, {'layer': '200mb', 'direction': 90, 'speed': 5}]",11,2,15,-9999,rain,5,0,325,2,Papua New Guinea
38,117,5,-9999,-9999,-9999,"[{'layer': '950mb', 'rh': -9999}, {'layer': '900mb', 'rh': -9999}, {'layer': '850mb', 'rh': -9999}, {'layer': '800mb', 'rh': 12}, {'layer': '750mb', 'rh': 12}, {'layer': '700mb', 'rh': 10}, {'layer': '650mb', 'rh': 10}, {'layer': '600mb', 'rh': 11}, {'layer': '550mb', 'rh': 11}, {'layer': '500mb', 'rh': 8}, {'layer': '450mb', 'rh': 4}, {'layer': '400mb', 'rh': 5}, {'layer': '350mb', 'rh': 11}, {'layer': '300mb', 'rh': 10}, {'layer': '250mb', 'rh': 14}, {'layer': '200mb', 'rh': 7}]","[{'layer': '950mb', 'direction': -9999, 'speed': -9999}, {'layer': '900mb', 'direction': -9999, 'speed': -9999}, {'layer': '850mb', 'direction': -9999, 'speed': -9999}, {'layer': '800mb', 'direction': 255, 'speed': 2}, {'layer': '750mb', 'direction': 310, 'speed': 2}, {'layer': '700mb', 'direction': 325, 'speed': 2}, {'layer': '650mb', 'direction': 320, 'speed': 3}, {'layer': '600mb', 'direction': 335, 'speed': 2}, {'layer': '550mb', 'direction': 35, 'speed': 2}, {'layer': '500mb', 'direction': 45, 'speed': 3}, {'layer': '450mb', 'direction': 55, 'speed': 4}, {'layer': '400mb', 'direction': 60, 'speed': 5}, {'layer': '350mb', 'direction': 90, 'speed': 5}, {'layer': '300mb', 'direction': 105, 'speed': 4}, {'layer': '250mb', 'direction': 110, 'speed': 5}, {'layer': '200mb', 'direction': 95, 'speed': 6}]",12,2,15,-9999,none,5,0,315,2,Papua New Guinea
39,120,6,-9999,-9999,-9999,"[{'layer': '950mb', 'rh': -9999}, {'layer': '900mb', 'rh': -9999}, {'layer': '850mb', 'rh': -9999}, {'layer': '800mb', 'rh': 11}, {'layer': '750mb', 'rh': 13}, {'layer': '700mb', 'rh': 11}, {'layer': '650mb', 'rh': 11}, {'layer': '600mb', 'rh': 11}, {'layer': '550mb', 'rh': 11}, {'layer': '500mb', 'rh': 8}, {'layer': '450mb', 'rh': 7}, {'layer': '400mb', 'rh': 7}, {'layer': '350mb', 'rh': 13}, {'layer': '300mb', 'rh': 16}, {'layer': '250mb', 'rh': 15}, {'layer': '200mb', 'rh': 12}]","[{'layer': '950mb', 'direction': -9999, 'speed': -9999}, {'layer': '900mb', 'direction': -9999, 'speed': -9999}, {'layer': '850mb', 'direction': -9999, 'speed': -9999}, {'layer': '800mb', 'direction': 10, 'speed': 2}, {'layer': '750mb', 'direction': 320, 'speed': 2}, {'layer': '700mb', 'direction': 325, 'speed': 2}, {'layer': '650mb', 'direction': 325, 'speed': 3}, {'layer': '600mb', 'direction': 340, 'speed': 2}, {'layer': '550mb', 'direction': 35, 'speed': 2}, {'layer': '500mb', 'direction': 50, 'speed': 3}, {'layer': '450mb', 'direction': 60, 'speed': 4}, {'layer': '400mb', 'direction': 60, 'speed': 5}, {'layer': '350mb', 'direction': 90, 'speed': 5}, {'layer': '300mb', 'direction': 100, 'speed': 5}, {'layer': '250mb', 'direction': 105, 'speed': 5}, {'layer': '200mb', 'direction': 100, 'speed': 6}]",20,-1,8,-9999,rain,5,0,35,2,Papua New Guinea
40,123,8,-9999,-9999,-9999,"[{'layer': '950mb', 'rh': -9999}, {'layer': '900mb', 'rh': -9999}, {'layer': '850mb', 'rh': -9999}, {'layer': '800mb', 'rh': 10}, {'layer': '750mb', 'rh': 14}, {'layer': '700mb', 'rh': 14}, {'layer': '650mb', 'rh': 10}, {'layer': '600mb', 'rh': 10}, {'layer': '550mb', 'rh': 9}, {'layer': '500mb', 'rh': 8}, {'layer': '450mb', 'rh': 9}, {'layer': '400mb', 'rh': 10}, {'layer': '350mb', 'rh': 15}, {'layer': '300mb', 'rh': 16}, {'layer': '250mb', 'rh': 15}, {'layer': '200mb', 'rh': 9}]","[{'layer': '950mb', 'direction': -9999, 'speed': -9999}, {'layer': '900mb', 'direction': -9999, 'speed': -9999}, {'layer': '850mb', 'direction': -9999, 'speed': -9999}, {'layer': '800mb', 'direction': 15, 'speed': 2}, {'layer': '750mb', 'direction': 355, 'speed': 2}, {'layer': '700mb', 'direction': 325, 'speed': 2}, {'layer': '650mb', 'direction': 315, 'speed': 3}, {'layer': '600mb', 'direction': 320, 'speed': 2}, {'layer': '550mb', 'direction': 0, 'speed': 2}, {'layer': '500mb', 'direction': 70, 'speed': 3}, {'layer': '450mb', 'direction': 65, 'speed': 4}, {'layer': '400mb', 'direction': 60, 'speed': 5}, {'layer': '350mb', 'direction': 70, 'speed': 5}, {'layer': '300mb', 'direction': 105, 'speed': 5}, {'layer': '250mb', 'direction': 105, 'speed': 5}, {'layer': '200mb', 'direction': 95, 'speed': 6}]",23,-4,9,-9999,rain,5,0,40,2,Papua New Guinea
41,126,8,-9999,-9999,-9999,"[{'layer': '950mb', 'rh': -9999}, {'layer': '900mb', 'rh': -9999}, {'layer': '850mb', 'rh': -9999}, {'layer': '800mb', 'rh': 13}, {'layer': '750mb', 'rh': 14}, {'layer': '700mb', 'rh': 12}, {'layer': '650mb', 'rh': 11}, {'layer': '600mb', 'rh': 11}, {'layer': '550mb', 'rh': 10}, {'layer': '500mb', 'rh': 10}, {'layer': '450mb', 'rh': 10}, {'layer': '400mb', 'rh': 12}, {'layer': '350mb', 'rh': 14}, {'layer': '300mb', 'rh': 15}, {'layer': '250mb', 'rh': 16}, {'layer': '200mb', 'rh': 8}]","[{'layer': '950mb', 'direction': -9999, 'speed': -9999}, {'layer': '900mb', 'direction': -9999, 'speed': -9999}, {'layer': '850mb', 'direction': -9999, 'speed': -9999}, {'layer': '800mb', 'direction': 15, 'speed': 2}, {'layer': '750mb', 'direction': 5, 'speed': 2}, {'layer': '700mb', 'direction': 325, 'speed': 2}, {'layer': '650mb', 'direction': 300, 'speed': 2}, {'layer': '600mb', 'direction': 275, 'speed': 2}, {'layer': '550mb', 'direction': 210, 'speed': 2}, {'layer': '500mb', 'direction': 90, 'speed': 2}, {'layer': '450mb', 'direction': 80, 'speed': 3}, {'layer': '400mb', 'direction': 70, 'speed': 4}, {'layer': '350mb', 'direction': 70, 'speed': 5}, {'layer': '300mb', 'direction': 110, 'speed': 5}, {'layer': '250mb', 'direction': 100, 'speed': 5}, {'layer': '200mb', 'direction': 105, 'speed': 5}]",18,-4,12,-9999,rain,5,0,15,2,Papua New Guinea
42,129,7,-9999,-9999,-9999,"[{'layer': '950mb', 'rh': -9999}, {'layer': '900mb', 'rh': -9999}, {'layer': '850mb', 'rh': -9999}, {'layer': '800mb', 'rh': 13}, {'layer': '750mb', 'rh': 13}, {'layer': '700mb', 'rh': 12}, {'layer': '650mb', 'rh': 12}, {'layer': '600mb', 'rh': 12}, {'layer': '550mb', 'rh': 10}, {'layer': '500mb', 'rh': 9}, {'layer': '450mb', 'rh': 10}, {'layer': '400mb', 'rh': 12}, {'layer': '350mb', 'rh': 13}, {'layer': '300mb', 'rh': 15}, {'layer': '250mb', 'rh': 11}, {'layer': '200mb', 'rh': 11}]","[{'layer': '950mb', 'direction': -9999, 'speed': -9999}, {'layer': '900mb', 'direction': -9999, 'speed': -9999}, {'layer': '850mb', 'direction': -9999, 'speed': -9999}, {'layer': '800mb', 'direction': 10, 'speed': 2}, {'layer': '750mb', 'direction': 5, 'speed': 2}, {'layer': '700mb', 'direction': 340, 'speed': 2}, {'layer': '650mb', 'direction': 320, 'speed': 2}, {'layer': '600mb', 'direction': 5, 'speed': 2}, {'layer': '550mb', 'direction': 90, 'speed': 2}, {'layer': '500mb', 'direction': 90, 'speed': 3}, {'layer': '450mb', 'direction': 80, 'speed': 3}, {'layer': '400mb', 'direction': 70, 'speed': 4}, {'layer': '350mb', 'direction': 75, 'speed': 5}, {'layer': '300mb', 'direction': 110, 'speed': 5}, {'layer': '250mb', 'direction': 105, 'speed': 5}, {'layer': '200mb', 'direction': 110, 'speed': 6}]",14,-1,15,-9999,rain,5,0,345,2,Papua New Guinea
43,132,8,-9999,-9999,-9999,"[{'layer': '950mb', 'rh': -9999}, {'layer': '900mb', 'rh': -9999}, {'layer': '850mb', 'rh': -9999}, {'layer': '800mb', 'rh': 14}, {'layer': '750mb', 'rh': 14}, {'layer': '700mb', 'rh': 13}, {'layer': '650mb', 'rh': 11}, {'layer': '600mb', 'rh': 11}, {'layer': '550mb', 'rh': 10}, {'layer': '500mb', 'rh': 9}, {'layer': '450mb', 'rh': 9}, {'layer': '400mb', 'rh': 5}, {'layer': '350mb', 'rh': 9}, {'layer': '300mb', 'rh': 13}, {'layer': '250mb', 'rh': 5}, {'layer': '200mb', 'rh': 6}]","[{'layer': '950mb', 'direction': -9999, 'speed': -9999}, {'layer': '900mb', 'direction': -9999, 'speed': -9999}, {'layer': '850mb', 'direction': -9999, 'speed': -9999}, {'layer': '800mb', 'direction': 110, 'speed': 2}, {'layer': '750mb', 'direction': 15, 'speed': 2}, {'layer': '700mb', 'direction': 350, 'speed': 2}, {'layer': '650mb', 'direction': 355, 'speed': 2}, {'layer': '600mb', 'direction': 10, 'speed': 3}, {'layer': '550mb', 'direction': 65, 'speed': 3}, {'layer': '500mb', 'direction': 80, 'speed': 4}, {'layer': '450mb', 'direction': 70, 'speed': 4}, {'layer': '400mb', 'direction': 65, 'speed': 5}, {'layer': '350mb', 'direction': 80, 'speed': 5}, {'layer': '300mb', 'direction': 115, 'speed': 5}, {'layer': '250mb', 'direction': 115, 'speed': 5}, {'layer': '200mb', 'direction': 115, 'speed': 6}]",12,2,15,-9999,rain,5,0,325,2,Papua New Guinea
44,135,3,-9999,-9999,-9999,"[{'layer': '950mb', 'rh': -9999}, {'layer': '900mb', 'rh': -9999}, {'layer': '850mb', 'rh': -9999}, {'layer': '800mb', 'rh': 13}, {'layer': '750mb', 'rh': 13}, {'layer': '700mb', 'rh': 11}, {'layer': '650mb', 'rh': 9}, {'layer': '600mb', 'rh': 10}, {'layer': '550mb', 'rh': 12}, {'layer': '500mb', 'rh': 9}, {'layer': '450mb', 'rh': 8}, {'layer': '400mb', 'rh': 5}, {'layer': '350mb', 'rh': 10}, {'layer': '300mb', 'rh': 7}, {'layer': '250mb', 'rh': 3}, {'layer': '200mb', 'rh': 5}]","[{'layer': '950mb', 'direction': -9999, 'speed': -9999}, {'layer': '900mb', 'direction': -9999, 'speed': -9999}, {'layer': '850mb', 'direction': -9999, 'speed': -9999}, {'layer': '800mb', 'direction': 260, 'speed': 2}, {'layer': '750mb', 'direction': 325, 'speed': 2}, {'layer': '700mb', 'direction': 340, 'speed': 2}, {'layer': '650mb', 'direction': 335, 'speed': 2}, {'layer': '600mb', 'direction': 5, 'speed': 2}, {'layer': '550mb', 'direction': 55, 'speed': 3}, {'layer': '500mb', 'direction': 75, 'speed': 4}, {'layer': '450mb', 'direction': 75, 'speed': 4}, {'layer': '400mb', 'direction': 60, 'speed': 5}, {'layer': '350mb', 'direction': 90, 'speed': 5}, {'layer': '300mb', 'direction': 110, 'speed': 5}, {'layer': '250mb', 'direction': 105, 'speed': 5}, {'layer': '200mb', 'direction': 110, 'speed': 5}]",11,2,15,-9999,rain,5,0,315,2,Papua New Guinea
45,138,5,-9999,-9999,-9999,"[{'layer': '950mb', 'rh': -9999}, {'layer': '900mb', 'rh': -9999}, {'layer': '850mb', 'rh': -9999}, {'layer': '800mb', 'rh': 12}, {'layer': '750mb', 'rh': 11}, {'layer': '700mb', 'rh': 11}, {'layer': '650mb', 'rh': 12}, {'layer': '600mb', 'rh': 14}, {'layer': '550mb', 'rh': 13}, {'layer': '500mb', 'rh': 13}, {'layer': '450mb', 'rh': 11}, {'layer': '400mb', 'rh': 7}, {'layer': '350mb', 'rh': 9}, {'layer': '300mb', 'rh': 7}, {'layer': '250mb', 'rh': 4}, {'layer': '200mb', 'rh': 12}]","[{'layer': '950mb', 'direction': -9999, 'speed': -9999}, {'layer': '900mb', 'direction': -9999, 'speed': -9999}, {'layer': '850mb', 'direction': -9999, 'speed': -9999}, {'layer': '800mb', 'direction': 240, 'speed': 2}, {'layer': '750mb', 'direction': 300, 'speed': 2}, {'layer': '700mb', 'direction': 335, 'speed': 2}, {'layer': '650mb', 'direction': 340, 'speed': 3}, {'layer': '600mb', 'direction': 0, 'speed': 3}, {'layer': '550mb', 'direction': 35, 'speed': 3}, {'layer': '500mb', 'direction': 70, 'speed': 3}, {'layer': '450mb', 'direction': 65, 'speed': 3}, {'layer': '400mb', 'direction': 65, 'speed': 4}, {'layer': '350mb', 'direction': 105, 'speed': 5}, {'layer': '300mb', 'direction': 130, 'speed': 5}, {'layer': '250mb', 'direction': 115, 'speed': 5}, {'layer': '200mb', 'direction': 115, 'speed': 5}]",11,2,15,-9999,rain,5,0,265,2,Papua New Guinea
46,141,9,-9999,-9999,-9999,"[{'layer': '950mb', 'rh': -9999}, {'layer': '900mb', 'rh': -9999}, {'layer': '850mb', 'rh': -9999}, {'layer': '800mb', 'rh': 12}, {'layer': '750mb', 'rh': 12}, {'layer': '700mb', 'rh': 13}, {'layer': '650mb', 'rh': 14}, {'layer': '600mb', 'rh': 14}, {'layer': '550mb', 'rh': 15}, {'layer': '500mb', 'rh': 12}, {'layer': '450mb', 'rh': 9}, {'layer': '400mb', 'rh': 8}, {'layer': '350mb', 'rh': 9}, {'layer': '300mb', 'rh': 2}, {'layer': '250mb', 'rh': 3}, {'layer': '200mb', 'rh': 14}]","[{'layer': '950mb', 'direction': -9999, 'speed': -9999}, {'layer': '900mb', 'direction': -9999, 'speed': -9999}, {'layer': '850mb', 'direction': -9999, 'speed': -9999}, {'layer': '800mb', 'direction': 255, 'speed': 2}, {'layer': '750mb', 'direction': 350, 'speed': 2}, {'layer': '700mb', 'direction': 350, 'speed': 2}, {'layer': '650mb', 'direction': 345, 'speed': 2}, {'layer': '600mb', 'direction': 345, 'speed': 3}, {'layer': '550mb', 'direction': 30, 'speed': 2}, {'layer': '500mb', 'direction': 90, 'speed': 3}, {'layer': '450mb', 'direction': 85, 'speed': 3}, {'layer': '400mb', 'direction': 75, 'speed': 4}, {'layer': '350mb', 'direction': 90, 'speed': 5}, {'layer': '300mb', 'direction': 120, 'speed': 5}, {'layer': '250mb', 'direction': 115, 'speed': 5}, {'layer': '200mb', 'direction': 110, 'speed': 6}]",11,2,15,-9999,rain,5,0,285,2,Papua New Guinea
47,144,9,-9999,-9999,-9999,"[{'layer': '950mb', 'rh': -9999}, {'layer': '900mb', 'rh': -9999}, {'layer': '850mb', 'rh': -9999}, {'layer': '800mb', 'rh': 12}, {'layer': '750mb', 'rh': 12}, {'layer': '700mb', 'rh': 12}, {'layer': '650mb', 'rh': 12}, {'layer': '600mb', 'rh': 13}, {'layer': '550mb', 'rh': 14}, {'layer': '500mb', 'rh': 12}, {'layer': '450mb', 'rh': 10}, {'layer': '400mb', 'rh': 7}, {'layer': '350mb', 'rh': 7}, {'layer': '300mb', 'rh': 13}, {'layer': '250mb', 'rh': 13}, {'layer': '200mb', 'rh': 10}]","[{'layer': '950mb', 'direction': -9999, 'speed': -9999}, {'layer': '900mb', 'direction': -9999, 'speed': -9999}, {'layer': '850mb', 'direction': -9999, 'speed': -9999}, {'layer': '800mb', 'direction': 10, 'speed': 2}, {'layer': '750mb', 'direction': 330, 'speed': 2}, {'layer': '700mb', 'direction': 335, 'speed': 2}, {'layer': '650mb', 'direction': 335, 'speed': 2}, {'layer': '600mb', 'direction': 355, 'speed': 2}, {'layer': '550mb', 'direction': 60, 'speed': 2}, {'layer': '500mb', 'direction': 95, 'speed': 3}, {'layer': '450mb', 'direction': 105, 'speed': 3}, {'layer': '400mb', 'direction': 85, 'speed': 4}, {'layer': '350mb', 'direction': 95, 'speed': 5}, {'layer': '300mb', 'direction': 115, 'speed': 5}, {'layer': '250mb', 'direction': 105, 'speed': 6}, {'layer': '200mb', 'direction': 110, 'speed': 6}]",18,-1,10,-9999,rain,5,0,50,2,Papua New Guinea
48,147,7,-9999,-9999,-9999,"[{'layer': '950mb', 'rh': -9999}, {'layer': '900mb', 'rh': -9999}, {'layer': '850mb', 'rh': -9999}, {'layer': '800mb', 'rh': 12}, {'layer': '750mb', 'rh': 14}, {'layer': '700mb', 'rh': 12}, {'layer': '650mb', 'rh': 12}, {'layer': '600mb', 'rh': 14}, {'layer': '550mb', 'rh': 13}, {'layer': '500mb', 'rh': 13}, {'layer': '450mb', 'rh': 13}, {'layer': '400mb', 'rh': 11}, {'layer': '350mb', 'rh': 13}, {'layer': '300mb', 'rh': 16}, {'layer': '250mb', 'rh': 16}, {'layer': '200mb', 'rh': 12}]","[{'layer': '950mb', 'direction': -9999, 'speed': -9999}, {'layer': '900mb', 'direction': -9999, 'speed': -9999}, {'layer': '850mb', 'direction': -9999, 'speed': -9999}, {'layer': '800mb', 'direction': 20, 'speed': 2}, {'layer': '750mb', 'direction': 0, 'speed': 2}, {'layer': '700mb', 'direction': 330, 'speed': 2}, {'layer': '650mb', 'direction': 320, 'speed': 2}, {'layer': '600mb', 'direction': 335, 'speed': 2}, {'layer': '550mb', 'direction': 35, 'speed': 2}, {'layer': '500mb', 'direction': 85, 'speed': 3}, {'layer': '450mb', 'direction': 105, 'speed': 3}, {'layer': '400mb', 'direction': 90, 'speed': 3}, {'layer': '350mb', 'direction': 100, 'speed': 5}, {'layer': '300mb', 'direction': 100, 'speed': 5}, {'layer': '250mb', 'direction': 100, 'speed': 5}, {'layer': '200mb', 'direction': 115, 'speed': 6}]",20,-4,12,-9999,rain,5,0,55,2,Papua New Guinea
49,150,8,-9999,-9999,-9999,"[{'layer': '950mb', 'rh': -9999}, {'layer': '900mb', 'rh': -9999}, {'layer': '850mb', 'rh': -9999}, {'layer': '800mb', 'rh': 13}, {'layer': '750mb', 'rh': 13}, {'layer': '700mb', 'rh': 14}, {'layer': '650mb', 'rh': 13}, {'layer': '600mb', 'rh': 14}, {'layer': '550mb', 'rh': 15}, {'layer': '500mb', 'rh': 14}, {'layer': '450mb', 'rh': 13}, {'layer': '400mb', 'rh': 13}, {'layer': '350mb', 'rh': 15}, {'layer': '300mb', 'rh': 16}, {'layer': '250mb', 'rh': 16}, {'layer': '200mb', 'rh': 9}]","[{'layer': '950mb', 'direction': -9999, 'speed': -9999}, {'layer': '900mb', 'direction': -9999, 'speed': -9999}, {'layer': '850mb', 'direction': -9999, 'speed': -9999}, {'layer': '800mb', 'direction': 10, 'speed': 2}, {'layer': '750mb', 'direction': 25, 'speed': 2}, {'layer': '700mb', 'direction': 10, 'speed': 2}, {'layer': '650mb', 'direction': 335, 'speed': 2}, {'layer': '600mb', 'direction': 335, 'speed': 2}, {'layer': '550mb', 'direction': 5, 'speed': 2}, {'layer': '500mb', 'direction': 85, 'speed': 3}, {'layer': '450mb', 'direction': 100, 'speed': 3}, {'layer': '400mb', 'direction': 95, 'speed': 3}, {'layer': '350mb', 'direction': 105, 'speed': 4}, {'layer': '300mb', 'direction': 105, 'speed': 5}, {'layer': '250mb', 'direction': 115, 'speed': 5}, {'layer': '200mb', 'direction': 120, 'speed': 5}]",15,-4,14,-9999,rain,5,0,165,2,Papua New Guinea
50,153,9,-9999,-9999,-9999,"[{'layer': '950mb', 'rh': -9999}, {'layer': '900mb', 'rh': -9999}, {'layer': '850mb', 'rh': -9999}, {'layer': '800mb', 'rh': 12}, {'layer': '750mb', 'rh': 13}, {'layer': '700mb', 'rh': 13}, {'layer': '650mb', 'rh': 14}, {'layer': '600mb', 'rh': 15}, {'layer': '550mb', 'rh': 15}, {'layer': '500mb', 'rh': 15}, {'layer': '450mb', 'rh': 15}, {'layer': '400mb', 'rh': 15}, {'layer': '350mb', 'rh': 15}, {'layer': '300mb', 'rh': 16}, {'layer': '250mb', 'rh': 16}, {'layer': '200mb', 'rh': 16}]","[{'layer': '950mb', 'direction': -9999, 'speed': -9999}, {'layer': '900mb', 'direction': -9999, 'speed': -9999}, {'layer': '850mb', 'direction': -9999, 'speed': -9999}, {'layer': '800mb', 'direction': 60, 'speed': 2}, {'layer': '750mb', 'direction': 60, 'speed': 2}, {'layer': '700mb', 'direction': 40, 'speed': 2}, {'layer': '650mb', 'direction': 350, 'speed': 2}, {'layer': '600mb', 'direction': 330, 'speed': 3}, {'layer': '550mb', 'direction': 350, 'speed': 3}, {'layer': '500mb', 'direction': 45, 'speed': 3}, {'layer': '450mb', 'direction': 80, 'speed': 3}, {'layer': '400mb', 'direction': 105, 'speed': 3}, {'layer': '350mb', 'direction': 115, 'speed': 3}, {'layer': '300mb', 'direction': 110, 'speed': 4}, {'layer': '250mb', 'direction': 105, 'speed': 4}, {'layer': '200mb', 'direction': 115, 'speed': 5}]",13,-1,15,-9999,rain,6,0,175,2,Papua New Guinea
51,156,9,-9999,-9999,-9999,"[{'layer': '950mb', 'rh': -9999}, {'layer': '900mb', 'rh': -9999}, {'layer': '850mb', 'rh': -9999}, {'layer': '800mb', 'rh': 12}, {'layer': '750mb', 'rh': 13}, {'layer': '700mb', 'rh': 13}, {'layer': '650mb', 'rh': 13}, {'layer': '600mb', 'rh': 15}, {'layer': '550mb', 'rh': 15}, {'layer': '500mb', 'rh': 15}, {'layer': '450mb', 'rh': 15}, {'layer': '400mb', 'rh': 15}, {'layer': '350mb', 'rh': 16}, {'layer': '300mb', 'rh': 16}, {'layer': '250mb', 'rh': 15}, {'layer': '200mb', 'rh': 14}]","[{'layer': '950mb', 'direction': -9999, 'speed': -9999}, {'layer': '900mb', 'direction': -9999, 'speed': -9999}, {'layer': '850mb', 'direction': -9999, 'speed': -9999}, {'layer': '800mb', 'direction': 190, 'speed': 2}, {'layer': '750mb', 'direction': 175, 'speed': 2}, {'layer': '700mb', 'direction': 240, 'speed': 2}, {'layer': '650mb', 'direction': 335, 'speed': 2}, {'layer': '600mb', 'direction': 345, 'speed': 3}, {'layer': '550mb', 'direction': 25, 'speed': 3}, {'layer': '500mb', 'direction': 60, 'speed': 3}, {'layer': '450mb', 'direction': 80, 'speed': 3}, {'layer': '400mb', 'direction': 90, 'speed': 3}, {'layer': '350mb', 'direction': 110, 'speed': 3}, {'layer': '300mb', 'direction': 130, 'speed': 3}, {'layer': '250mb', 'direction': 135, 'speed': 5}, {'layer': '200mb', 'direction': 125, 'speed': 6}]",12,-1,15,-9999,rain,6,0,215,2,Papua New Guinea
52,159,9,-9999,-9999,-9999,"[{'layer': '950mb', 'rh': -9999}, {'layer': '900mb', 'rh': -9999}, {'layer': '850mb', 'rh': -9999}, {'layer': '800mb', 'rh': 10}, {'layer': '750mb', 'rh': 10}, {'layer': '700mb', 'rh': 11}, {'layer': '650mb', 'rh': 13}, {'layer': '600mb', 'rh': 13}, {'layer': '550mb', 'rh': 14}, {'layer': '500mb', 'rh': 14}, {'layer': '450mb', 'rh': 14}, {'layer': '400mb', 'rh': 14}, {'layer': '350mb', 'rh': 16}, {'layer': '300mb', 'rh': 15}, {'layer': '250mb', 'rh': 14}, {'layer': '200mb', 'rh': 13}]","[{'layer': '950mb', 'direction': -9999, 'speed': -9999}, {'layer': '900mb', 'direction': -9999, 'speed': -9999}, {'layer': '850mb', 'direction': -9999, 'speed': -9999}, {'layer': '800mb', 'direction': 205, 'speed': 2}, {'layer': '750mb', 'direction': 205, 'speed': 2}, {'layer': '700mb', 'direction': 210, 'speed': 2}, {'layer': '650mb', 'direction': 280, 'speed': 2}, {'layer': '600mb', 'direction': 330, 'speed': 3}, {'layer': '550mb', 'direction': 30, 'speed': 3}, {'layer': '500mb', 'direction': 65, 'speed': 3}, {'layer': '450mb', 'direction': 80, 'speed': 3}, {'layer': '400mb', 'direction': 100, 'speed': 3}, {'layer': '350mb', 'direction': 120, 'speed': 3}, {'layer': '300mb', 'direction': 145, 'speed': 3}, {'layer': '250mb', 'direction': 145, 'speed': 4}, {'layer': '200mb', 'direction': 110, 'speed': 6}]",12,2,15,-9999,rain,6,0,235,2,Papua New Guinea
53,162,9,-9999,-9999,-9999,"[{'layer': '950mb', 'rh': -9999}, {'layer': '900mb', 'rh': -9999}, {'layer': '850mb', 'rh': -9999}, {'layer': '800mb', 'rh': 11}, {'layer': '750mb', 'rh': 11}, {'layer': '700mb', 'rh': 12}, {'layer': '650mb', 'rh': 13}, {'layer': '600mb', 'rh': 15}, {'layer': '550mb', 'rh': 15}, {'layer': '500mb', 'rh': 15}, {'layer': '450mb', 'rh': 15}, {'layer': '400mb', 'rh': 15}, {'layer': '350mb', 'rh': 16}, {'layer': '300mb', 'rh': 15}, {'layer': '250mb', 'rh': 16}, {'layer': '200mb', 'rh': 16}]","[{'layer': '950mb', 'direction': -9999, 'speed': -9999}, {'layer': '900mb', 'direction': -9999, 'speed': -9999}, {'layer': '850mb', 'direction': -9999, 'speed': -9999}, {'layer': '800mb', 'direction': 215, 'speed': 1}, {'layer': '750mb', 'direction': 320, 'speed': 2}, {'layer': '700mb', 'direction': 235, 'speed': 2}, {'layer': '650mb', 'direction': 240, 'speed': 2}, {'layer': '600mb', 'direction': 305, 'speed': 2}, {'layer': '550mb', 'direction': 355, 'speed': 3}, {'layer': '500mb', 'direction': 55, 'speed': 3}, {'layer': '450mb', 'direction': 85, 'speed': 3}, {'layer': '400mb', 'direction': 130, 'speed': 3}, {'layer': '350mb', 'direction': 165, 'speed': 3}, {'layer': '300mb', 'direction': 130, 'speed': 3}, {'layer': '250mb', 'direction': 115, 'speed': 4}, {'layer': '200mb', 'direction': 110, 'speed': 5}]",12,2,14,-9999,rain,6,0,310,2,Papua New Guinea
54,165,9,-9999,-9999,-9999,"[{'layer': '950mb', 'rh': -9999}, {'layer': '900mb', 'rh': -9999}, {'layer': '850mb', 'rh': -9999}, {'layer': '800mb', 'rh': 11}, {'layer': '750mb', 'rh': 10}, {'layer': '700mb', 'rh': 10}, {'layer': '650mb', 'rh': 11}, {'layer': '600mb', 'rh': 13}, {'layer': '550mb', 'rh': 14}, {'layer': '500mb', 'rh': 15}, {'layer': '450mb', 'rh': 15}, {'layer': '400mb', 'rh': 15}, {'layer': '350mb', 'rh': 16}, {'layer': '300mb', 'rh': 16}, {'layer': '250mb', 'rh': 16}, {'layer': '200mb', 'rh': 12}]","[{'layer': '950mb', 'direction': -9999, 'speed': -9999}, {'layer': '900mb', 'direction': -9999, 'speed': -9999}, {'layer': '850mb', 'direction': -9999, 'speed': -9999}, {'layer': '800mb', 'direction': 195, 'speed': 2}, {'layer': '750mb', 'direction': 210, 'speed': 2}, {'layer': '700mb', 'direction': 260, 'speed': 2}, {'layer': '650mb', 'direction': 305, 'speed': 3}, {'layer': '600mb', 'direction': 25, 'speed': 2}, {'layer': '550mb', 'direction': 60, 'speed': 3}, {'layer': '500mb', 'direction': 100, 'speed': 3}, {'layer': '450mb', 'direction': 145, 'speed': 3}, {'layer': '400mb', 'direction': 155, 'speed': 3}, {'layer': '350mb', 'direction': 130, 'speed': 3}, {'layer': '300mb', 'direction': 105, 'speed': 3}, {'layer': '250mb', 'direction': 110, 'speed': 3}, {'layer': '200mb', 'direction': 110, 'speed': 7}]",12,2,14,-9999,rain,6,0,275,2,Papua New Guinea
55,168,9,-9999,-9999,-9999,"[{'layer': '950mb', 'rh': -9999}, {'layer': '900mb', 'rh': -9999}, {'layer': '850mb', 'rh': -9999}, {'layer': '800mb', 'rh': 11}, {'layer': '750mb', 'rh': 10}, {'layer': '700mb', 'rh': 10}, {'layer': '650mb', 'rh': 11}, {'layer': '600mb', 'rh': 12}, {'layer': '550mb', 'rh': 14}, {'layer': '500mb', 'rh': 14}, {'layer': '450mb', 'rh': 15}, {'layer': '400mb', 'rh': 15}, {'layer': '350mb', 'rh': 16}, {'layer': '300mb', 'rh': 14}, {'layer': '250mb', 'rh': 16}, {'layer': '200mb', 'rh': 13}]","[{'layer': '950mb', 'direction': -9999, 'speed': -9999}, {'layer': '900mb', 'direction': -9999, 'speed': -9999}, {'layer': '850mb', 'direction': -9999, 'speed': -9999}, {'layer': '800mb', 'direction': 240, 'speed': 2}, {'layer': '750mb', 'direction': 255, 'speed': 2}, {'layer': '700mb', 'direction': 235, 'speed': 2}, {'layer': '650mb', 'direction': 215, 'speed': 2}, {'layer': '600mb', 'direction': 55, 'speed': 2}, {'layer': '550mb', 'direction': 70, 'speed': 3}, {'layer': '500mb', 'direction': 85, 'speed': 3}, {'layer': '450mb', 'direction': 85, 'speed': 3}, {'layer': '400mb', 'direction': 80, 'speed': 3}, {'layer': '350mb', 'direction': 110, 'speed': 3}, {'layer': '300mb', 'direction': 100, 'speed': 3}, {'layer': '250mb', 'direction': 95, 'speed': 4}, {'layer': '200mb', 'direction': 105, 'speed': 7}]",16,-1,11,-9999,rain,6,0,305,2,Papua New Guinea
56,171,9,-9999,-9999,-9999,"[{'layer': '950mb', 'rh': -9999}, {'layer': '900mb', 'rh': -9999}, {'layer': '850mb', 'rh': -9999}, {'layer': '800mb', 'rh': 9}, {'layer': '750mb', 'rh': 11}, {'layer': '700mb', 'rh': 12}, {'layer': '650mb', 'rh': 11}, {'layer': '600mb', 'rh': 12}, {'layer': '550mb', 'rh': 10}, {'layer': '500mb', 'rh': 7}, {'layer': '450mb', 'rh': 10}, {'layer': '400mb', 'rh': 13}, {'layer': '350mb', 'rh': 15}, {'layer': '300mb', 'rh': 15}, {'layer': '250mb', 'rh': 14}, {'layer': '200mb', 'rh': 16}]","[{'layer': '950mb', 'direction': -9999, 'speed': -9999}, {'layer': '900mb', 'direction': -9999, 'speed': -9999}, {'layer': '850mb', 'direction': -9999, 'speed': -9999}, {'layer': '800mb', 'direction': 15, 'speed': 2}, {'layer': '750mb', 'direction': 275, 'speed': 2}, {'layer': '700mb', 'direction': 225, 'speed': 2}, {'layer': '650mb', 'direction': 170, 'speed': 2}, {'layer': '600mb', 'direction': 70, 'speed': 2}, {'layer': '550mb', 'direction': 45, 'speed': 3}, {'layer': '500mb', 'direction': 50, 'speed': 4}, {'layer': '450mb', 'direction': 70, 'speed': 4}, {'layer': '400mb', 'direction': 80, 'speed': 3}, {'layer': '350mb', 'direction': 125, 'speed': 3}, {'layer': '300mb', 'direction': 135, 'speed': 3}, {'layer': '250mb', 'direction': 105, 'speed': 5}, {'layer': '200mb', 'direction': 125, 'speed': 7}]",21,-1,7,-9999,rain,6,0,55,2,Papua New Guinea
57,174,9,-9999,-9999,-9999,"[{'layer': '950mb', 'rh': -9999}, {'layer': '900mb', 'rh': -9999}, {'layer': '850mb', 'rh': -9999}, {'layer': '800mb', 'rh': 11}, {'layer': '750mb', 'rh': 14}, {'layer': '700mb', 'rh': 13}, {'layer': '650mb', 'rh': 12}, {'layer': '600mb', 'rh': 11}, {'layer': '550mb', 'rh': 9}, {'layer': '500mb', 'rh': 9}, {'layer': '450mb', 'rh': 11}, {'layer': '400mb', 'rh': 13}, {'layer': '350mb', 'rh': 15}, {'layer': '300mb', 'rh': 16}, {'layer': '250mb', 'rh': 16}, {'layer': '200mb', 'rh': 16}]","[{'layer': '950mb', 'direction': -9999, 'speed': -9999}, {'layer': '900mb', 'direction': -9999, 'speed': -9999}, {'layer': '850mb', 'direction': -9999, 'speed': -9999}, {'layer': '800mb', 'direction': 50, 'speed': 2}, {'layer': '750mb', 'direction': 55, 'speed': 2}, {'layer': '700mb', 'direction': 200, 'speed': 2}, {'layer': '650mb', 'direction': 200, 'speed': 2}, {'layer': '600mb', 'direction': 25, 'speed': 2}, {'layer': '550mb', 'direction': 30, 'speed': 3}, {'layer': '500mb', 'direction': 50, 'speed': 4}, {'layer': '450mb', 'direction': 70, 'speed': 3}, {'layer': '400mb', 'direction': 55, 'speed': 3}, {'layer': '350mb', 'direction': 90, 'speed': 3}, {'layer': '300mb', 'direction': 135, 'speed': 3}, {'layer': '250mb', 'direction': 100, 'speed': 3}, {'layer': '200mb', 'direction': 105, 'speed': 6}]",17,-4,11,-9999,rain,6,0,105,2,Papua New Guinea
58,177,9,-9999,-9999,-9999,"[{'layer': '950mb', 'rh': -9999}, {'layer': '900mb', 'rh': -9999}, {'layer': '850mb', 'rh': -9999}, {'layer': '800mb', 'rh': 12}, {'layer': '750mb', 'rh': 13}, {'layer': '700mb', 'rh': 13}, {'layer': '650mb', 'rh': 12}, {'layer': '600mb', 'rh': 11}, {'layer': '550mb', 'rh': 11}, {'layer': '500mb', 'rh': 11}, {'layer': '450mb', 'rh': 12}, {'layer': '400mb', 'rh': 13}, {'layer': '350mb', 'rh': 15}, {'layer': '300mb', 'rh': 16}, {'layer': '250mb', 'rh': 16}, {'layer': '200mb', 'rh': 16}]","[{'layer': '950mb', 'direction': -9999, 'speed': -9999}, {'layer': '900mb', 'direction': -9999, 'speed': -9999}, {'layer': '850mb', 'direction': -9999, 'speed': -9999}, {'layer': '800mb', 'direction': 20, 'speed': 2}, {'layer': '750mb', 'direction': 85, 'speed': 2}, {'layer': '700mb', 'direction': 145, 'speed': 2}, {'layer': '650mb', 'direction': 300, 'speed': 1}, {'layer': '600mb', 'direction': 25, 'speed': 2}, {'layer': '550mb', 'direction': 35, 'speed': 3}, {'layer': '500mb', 'direction': 45, 'speed': 4}, {'layer': '450mb', 'direction': 60, 'speed': 4}, {'layer': '400mb', 'direction': 65, 'speed': 4}, {'layer': '350mb', 'direction': 80, 'speed': 3}, {'layer': '300mb', 'direction': 135, 'speed': 3}, {'layer': '250mb', 'direction': 105, 'speed': 4}, {'layer': '200mb', 'direction': 110, 'speed': 6}]",13,-1,15,-9999,rain,6,0,240,2,Papua New Guinea
59,180,9,-9999,-9999,-9999,"[{'layer': '950mb', 'rh': -9999}, {'layer': '900mb', 'rh': -9999}, {'layer': '850mb', 'rh': -9999}, {'layer': '800mb', 'rh': 11}, {'layer': '750mb', 'rh': 11}, {'layer': '700mb', 'rh': 12}, {'layer': '650mb', 'rh': 13}, {'layer': '600mb', 'rh': 13}, {'layer': '550mb', 'rh': 12}, {'layer': '500mb', 'rh': 12}, {'layer': '450mb', 'rh': 13}, {'layer': '400mb', 'rh': 14}, {'layer': '350mb', 'rh': 15}, {'layer': '300mb', 'rh': 15}, {'layer': '250mb', 'rh': 14}, {'layer': '200mb', 'rh': 10}]","[{'layer': '950mb', 'direction': -9999, 'speed': -9999}, {'layer': '900mb', 'direction': -9999, 'speed': -9999}, {'layer': '850mb', 'direction': -9999, 'speed': -9999}, {'layer': '800mb', 'direction': 5, 'speed': 2}, {'layer': '750mb', 'direction': 30, 'speed': 2}, {'layer': '700mb', 'direction': 30, 'speed': 2}, {'layer': '650mb', 'direction': 5, 'speed': 2}, {'layer': '600mb', 'direction': 10, 'speed': 2}, {'layer': '550mb', 'direction': 25, 'speed': 3}, {'layer': '500mb', 'direction': 50, 'speed': 4}, {'layer': '450mb', 'direction': 60, 'speed': 4}, {'layer': '400mb', 'direction': 65, 'speed': 4}, {'layer': '350mb', 'direction': 90, 'speed': 3}, {'layer': '300mb', 'direction': 105, 'speed': 3}, {'layer': '250mb', 'direction': 105, 'speed': 4}, {'layer': '200mb', 'direction': 120, 'speed': 6}]",12,2,15,-9999,rain,6,0,250,2,Papua New Guinea
60,183,6,-9999,-9999,-9999,"[{'layer': '950mb', 'rh': -9999}, {'layer': '900mb', 'rh': -9999}, {'layer': '850mb', 'rh': -9999}, {'layer': '800mb', 'rh': 12}, {'layer': '750mb', 'rh': 11}, {'layer': '700mb', 'rh': 12}, {'layer': '650mb', 'rh': 13}, {'layer': '600mb', 'rh': 13}, {'layer': '550mb', 'rh': 13}, {'layer': '500mb', 'rh': 13}, {'layer': '450mb', 'rh': 12}, {'layer': '400mb', 'rh': 10}, {'layer': '350mb', 'rh': 12}, {'layer': '300mb', 'rh': 11}, {'layer': '250mb', 'rh': 11}, {'layer': '200mb', 'rh': 13}]","[{'layer': '950mb', 'direction': -9999, 'speed': -9999}, {'layer': '900mb', 'direction': -9999, 'speed': -9999}, {'layer': '850mb', 'direction': -9999, 'speed': -9999}, {'layer': '800mb', 'direction': 300, 'speed': 2}, {'layer': '750mb', 'direction': 20, 'speed': 2}, {'layer': '700mb', 'direction': 25, 'speed': 2}, {'layer': '650mb', 'direction': 5, 'speed': 2}, {'layer': '600mb', 'direction': 5, 'speed': 2}, {'layer': '550mb', 'direction': 20, 'speed': 3}, {'layer': '500mb', 'direction': 45, 'speed': 3}, {'layer': '450mb', 'direction': 50, 'speed': 4}, {'layer': '400mb', 'direction': 65, 'speed': 4}, {'layer': '350mb', 'direction': 85, 'speed': 3}, {'layer': '300mb', 'direction': 105, 'speed': 3}, {'layer': '250mb', 'direction': 100, 'speed': 5}, {'layer': '200mb', 'direction': 130, 'speed': 7}]",11,2,15,-9999,rain,6,0,270,2,Papua New Guinea
61,186,7,-9999,-9999,-9999,"[{'layer': '950mb', 'rh': -9999}, {'layer': '900mb', 'rh': -9999}, {'layer': '850mb', 'rh': -9999}, {'layer': '800mb', 'rh': 12}, {'layer': '750mb', 'rh': 12}, {'layer': '700mb', 'rh': 12}, {'layer': '650mb', 'rh': 12}, {'layer': '600mb', 'rh': 13}, {'layer': '550mb', 'rh': 14}, {'layer': '500mb', 'rh': 14}, {'layer': '450mb', 'rh': 12}, {'layer': '400mb', 'rh': 12}, {'layer': '350mb', 'rh': 16}, {'layer': '300mb', 'rh': 16}, {'layer': '250mb', 'rh': 6}, {'layer': '200mb', 'rh': 15}]","[{'layer': '950mb', 'direction': -9999, 'speed': -9999}, {'layer': '900mb', 'direction': -9999, 'speed': -9999}, {'layer': '850mb', 'direction': -9999, 'speed': -9999}, {'layer': '800mb', 'direction': 275, 'speed': 2}, {'layer': '750mb', 'direction': 335, 'speed': 2}, {'layer': '700mb', 'direction': 335, 'speed': 2}, {'layer': '650mb', 'direction': 330, 'speed': 2}, {'layer': '600mb', 'direction': 345, 'speed': 3}, {'layer': '550mb', 'direction': 10, 'speed': 3}, {'layer': '500mb', 'direction': 40, 'speed': 3}, {'layer': '450mb', 'direction': 45, 'speed': 3}, {'layer': '400mb', 'direction': 70, 'speed': 4}, {'layer': '350mb', 'direction': 85, 'speed': 3}, {'layer': '300mb', 'direction': 85, 'speed': 3}, {'layer': '250mb', 'direction': 105, 'speed': 5}, {'layer': '200mb', 'direction': 135, 'speed': 6}]",11,2,15,-9999,rain,6,0,280,2,Papua New Guinea
62,189,9,-9999,-9999,-9999,"[{'layer': '950mb', 'rh': -9999}, {'layer': '900mb', 'rh': -9999}, {'layer': '850mb', 'rh': -9999}, {'layer': '800mb', 'rh': 13}, {'layer': '750mb', 'rh': 13}, {'layer': '700mb', 'rh': 13}, {'layer': '650mb', 'rh': 13}, {'layer': '600mb', 'rh': 13}, {'layer': '550mb', 'rh': 13}, {'layer': '500mb', 'rh': 12}, {'layer': '450mb', 'rh': 11}, {'layer': '400mb', 'rh': 12}, {'layer': '350mb', 'rh': 16}, {'layer': '300mb', 'rh': 13}, {'layer': '250mb', 'rh': 6}, {'layer': '200mb', 'rh': 16}]","[{'layer': '950mb', 'direction': -9999, 'speed': -9999}, {'layer': '900mb', 'direction': -9999, 'speed': -9999}, {'layer': '850mb', 'direction': -9999, 'speed': -9999}, {'layer': '800mb', 'direction': 230, 'speed': 2}, {'layer': '750mb', 'direction': 355, 'speed': 2}, {'layer': '700mb', 'direction': 0, 'speed': 2}, {'layer': '650mb', 'direction': 350, 'speed': 2}, {'layer': '600mb', 'direction': 345, 'speed': 3}, {'layer': '550mb', 'direction': 5, 'speed': 3}, {'layer': '500mb', 'direction': 35, 'speed': 3}, {'layer': '450mb', 'direction': 55, 'speed': 3}, {'layer': '400mb', 'direction': 85, 'speed': 3}, {'layer': '350mb', 'direction': 115, 'speed': 3}, {'layer': '300mb', 'direction': 95, 'speed': 3}, {'layer': '250mb', 'direction': 95, 'speed': 5}, {'layer': '200mb', 'direction': 135, 'speed': 6}]",12,2,15,-9999,none,6,0,270,2,Papua New Guinea
63,192,9,-9999,-9999,-9999,"[{'layer': '950mb', 'rh': -9999}, {'layer': '900mb', 'rh': -9999}, {'layer': '850mb', 'rh': -9999}, {'layer': '800mb', 'rh': 13}, {'layer': '750mb', 'rh': 12}, {'layer': '700mb', 'rh': 13}, {'layer': '650mb', 'rh': 15}, {'layer': '600mb', 'rh': 14}, {'layer': '550mb', 'rh': 12}, {'layer': '500mb', 'rh': 12}, {'layer': '450mb', 'rh': 10}, {'layer': '400mb', 'rh': 9}, {'layer': '350mb', 'rh': 14}, {'layer': '300mb', 'rh': 10}, {'layer': '250mb', 'rh': 13}, {'layer': '200mb', 'rh': 16}]","[{'layer': '950mb', 'direction': -9999, 'speed': -9999}, {'layer': '900mb', 'direction': -9999, 'speed': -9999}, {'layer': '850mb', 'direction': -9999, 'speed': -9999}, {'layer': '800mb', 'direction': 340, 'speed': 2}, {'layer': '750mb', 'direction': 340, 'speed': 2}, {'layer': '700mb', 'direction': 335, 'speed': 2}, {'layer': '650mb', 'direction': 335, 'speed': 3}, {'layer': '600mb', 'direction': 335, 'speed': 3}, {'layer': '550mb', 'direction': 15, 'speed': 3}, {'layer': '500mb', 'direction': 40, 'speed': 3}, {'layer': '450mb', 'direction': 65, 'speed': 3}, {'layer': '400mb', 'direction': 80, 'speed': 3}, {'layer': '350mb', 'direction': 130, 'speed': 3}, {'layer': '300mb', 'direction': 90, 'speed': 4}, {'layer': '250mb', 'direction': 75, 'speed': 5}, {'layer': '200mb', 'direction': 120, 'speed': 6}]",20,-1,14,-9999,rain,6,0,20,2,Papua New Guinea
